K,eps_idx,eps,alpha_idx,alpha,mro_sol,solvetime,dro_feas_sol
1.0,0.0,9.999999999999999e-06,0.0,0.01,0.9627811996855392,0.03236349,0.9627811996855392
1.0,0.0,9.999999999999999e-06,1.0,0.05,0.9617698192652261,0.00677942,0.9617698192652261
1.0,1.0,2.818382931264455e-05,0.0,0.01,0.9650799590342697,0.007752557,0.9650799590342697
1.0,1.0,2.818382931264455e-05,1.0,0.05,0.9622296585194549,0.00686425,0.9622296585194549
1.0,2.0,7.943282347242822e-05,0.0,0.01,0.9715576514688202,0.00784284,0.9715576514688202
1.0,2.0,7.943282347242822e-05,1.0,0.05,0.9635254965156884,0.007069413,0.9635254965156884
1.0,3.0,0.00022387211385683378,0.0,0.01,0.9880256910088616,0.007514611,0.9880256910088616
1.0,3.0,0.00022387211385683378,1.0,0.05,0.9671771874881111,0.008014834,0.9671771874881111
1.0,4.0,0.000630957344480193,0.0,0.01,1.030597890878214,0.007581157,1.030597890878214
1.0,4.0,0.000630957344480193,1.0,0.05,0.9772269140916733,0.00698496,0.9772269140916733
1.0,0.0,0.001,0.0,0.01,1.520968023658328,0.742064258,1.520968023658328
1.0,0.0,0.001,1.0,0.05,1.178554119000749,0.749312653,1.178554119000749
1.0,0.0,0.001,2.0,0.1,1.0696325199206667,0.686666165,1.0696325199206667
1.0,1.0,0.0175,0.0,0.01,2.9028418351039735,0.622278253,2.9028418351039735
1.0,1.0,0.0175,1.0,0.05,1.4901609540267606,0.704553555,1.4901609540267606
1.0,1.0,0.0175,2.0,0.1,1.2336260148613842,0.675569742,1.2336260148613842
1.0,2.0,0.034,0.0,0.01,4.0421872577519355,0.737278661,4.0421872577519355
1.0,2.0,0.034,1.0,0.05,1.779737062943806,0.707156717,1.779737062943806
1.0,2.0,0.034,2.0,0.1,1.384977316331112,0.675447294,1.384977316331112
1.0,3.0,0.0505,0.0,0.01,4.919698596487471,0.697452263,4.919698596487471
1.0,3.0,0.0505,1.0,0.05,2.0572580576343693,0.707492172,2.0572580576343693
1.0,3.0,0.0505,2.0,0.1,1.5311368752577956,0.669202739,1.5311368752577956
1.0,4.0,0.067,0.0,0.01,5.703348137427831,0.726331549,5.703348137427831
1.0,4.0,0.067,1.0,0.05,2.3272089904887605,0.743429097,2.3272089904887605
1.0,4.0,0.067,2.0,0.1,1.6723738396553658,0.641612045,1.6723738396553658
1.0,5.0,0.0835,0.0,0.01,6.431758686840594,0.593608627,6.431758686840594
1.0,5.0,0.0835,1.0,0.05,2.5900845859656894,0.695716723,2.5900845859656894
1.0,5.0,0.0835,2.0,0.1,1.811274984976731,0.635870845,1.811274984976731
1.0,6.0,0.1,0.0,0.01,7.116690123258829,0.596386893,7.116690123258829
1.0,6.0,0.1,1.0,0.05,2.8262952512577413,0.704644071,2.8262952512577413
1.0,6.0,0.1,2.0,0.1,1.9481196891999604,0.665281844,1.9481196891999604
2.0,0.0,9.999999999999999e-06,0.0,0.01,0.8152521861242968,0.01367471,0.8152521861242968
2.0,0.0,9.999999999999999e-06,1.0,0.05,0.8142598607449733,0.012761928,0.8142598607449733
2.0,1.0,2.818382931264455e-05,0.0,0.01,0.8174527713274897,0.01313973,0.8174527713274897
2.0,1.0,2.818382931264455e-05,1.0,0.05,0.8147183795023679,0.012568317,0.8147183795023679
2.0,2.0,7.943282347242822e-05,0.0,0.01,0.8236226272614329,0.013001493,0.8236226272614329
2.0,2.0,7.943282347242822e-05,1.0,0.05,0.8159667554915524,0.013283498,0.8159667554915524
2.0,3.0,0.00022387211385683378,0.0,0.01,0.839212612413204,0.0124781,0.839212612413204
2.0,3.0,0.00022387211385683378,1.0,0.05,0.8194533315440719,0.013651739,0.8194533315440719
2.0,4.0,0.000630957344480193,0.0,0.01,0.879137910626742,0.012956893,0.879137910626742
2.0,4.0,0.000630957344480193,1.0,0.05,0.8288818234247443,0.012096617,0.8288818234247443
2.0,0.0,0.001,0.0,0.01,1.2971205150342158,1.509363107,1.2971205150342158
2.0,0.0,0.001,1.0,0.05,1.0005724578313941,1.518550062,1.0005724578313941
2.0,0.0,0.001,2.0,0.1,0.9071228599289595,1.31276943,0.9071228599289595
2.0,1.0,0.0175,0.0,0.01,2.426326907940652,1.300054945,2.426326907940652
2.0,1.0,0.0175,1.0,0.05,1.263449453905629,1.485047398,1.263449453905629
2.0,1.0,0.0175,2.0,0.1,1.0516813258317084,1.341511492,1.0516813258317084
2.0,2.0,0.034,0.0,0.01,3.327783988637804,1.654899269,3.327783988637804
2.0,2.0,0.034,1.0,0.05,1.4934670647827426,1.491017579,1.4934670647827426
2.0,2.0,0.034,2.0,0.1,1.1728727115517326,1.314520239,1.1728727115517326
2.0,3.0,0.0505,0.0,0.01,3.965638504694341,1.610493403,3.965638504694341
2.0,3.0,0.0505,1.0,0.05,1.7182092721290214,1.371069297,1.7182092721290214
2.0,3.0,0.0505,2.0,0.1,1.2904444864491118,1.3073298740000001,1.2904444864491118
2.0,4.0,0.067,0.0,0.01,4.493620081776946,1.489843864,4.493620081776946
2.0,4.0,0.067,1.0,0.05,1.9371914312223883,1.509387613,1.9371914312223883
2.0,4.0,0.067,2.0,0.1,1.4050649679414478,1.236495749,1.4050649679414478
2.0,5.0,0.0835,0.0,0.01,4.955359401357147,1.604811709,4.955359401357147
2.0,5.0,0.0835,1.0,0.05,2.152080630126063,1.5820420290000001,2.152080630126063
2.0,5.0,0.0835,2.0,0.1,1.5171943252163902,1.305652811,1.5171943252163902
2.0,6.0,0.1,0.0,0.01,5.3604897656818995,1.587723538,5.3604897656818995
2.0,6.0,0.1,1.0,0.05,2.347132517946975,1.648749915,2.347132517946975
2.0,6.0,0.1,2.0,0.1,1.6280863177863287,1.343794366,1.6280863177863287
3.0,0.0,9.999999999999999e-06,0.0,0.01,0.6574088148193667,0.024301915,0.6574088148193667
3.0,0.0,9.999999999999999e-06,1.0,0.05,0.656425680105743,0.02196193,0.656425680105743
3.0,1.0,2.818382931264455e-05,0.0,0.01,0.659587813992113,0.02453455,0.659587813992113
3.0,1.0,2.818382931264455e-05,1.0,0.05,0.6568774972048764,0.021705484,0.6568774972048764
3.0,2.0,7.943282347242822e-05,0.0,0.01,0.665594342622943,0.023178428,0.665594342622943
3.0,2.0,7.943282347242822e-05,1.0,0.05,0.6581171008223224,0.022567849,0.6581171008223224
3.0,3.0,0.00022387211385683378,0.0,0.01,0.6806966097140214,0.022882837,0.6806966097140214
3.0,3.0,0.00022387211385683378,1.0,0.05,0.661566765965039,0.021491134,0.661566765965039
3.0,4.0,0.000630957344480193,0.0,0.01,0.7203347042388174,0.025042442,0.7203347042388174
3.0,4.0,0.000630957344480193,1.0,0.05,0.6706294555351229,0.023418637,0.6706294555351229
3.0,0.0,0.001,0.0,0.01,1.0636355933070858,3.027232925,1.0636355933070858
3.0,0.0,0.001,1.0,0.05,0.8103647660522357,2.59019376,0.8103647660522357
3.0,0.0,0.001,2.0,0.1,0.733324610986803,2.453590861,0.733324610986803
3.0,1.0,0.0175,0.0,0.01,2.0546691475668766,2.639010913,2.0546691475668766
3.0,1.0,0.0175,1.0,0.05,1.057493995172896,2.556652745,1.057493995172896
3.0,1.0,0.0175,2.0,0.1,0.8742551673105079,2.420012112,0.8742551673105079
3.0,2.0,0.034,0.0,0.01,2.7680436436659974,3.050978451,2.7680436436659974
3.0,2.0,0.034,1.0,0.05,1.25619119776217,2.771715717,1.25619119776217
3.0,2.0,0.034,2.0,0.1,0.9830012933397935,2.413810105,0.9830012933397935
3.0,3.0,0.0505,0.0,0.01,3.220404341483319,3.028733221,3.220404341483319
3.0,3.0,0.0505,1.0,0.05,1.4481988304732207,2.978077826,1.4481988304732207
3.0,3.0,0.0505,2.0,0.1,1.083923071585825,2.627537922,1.083923071585825
3.0,4.0,0.067,0.0,0.01,3.5563918103122876,3.139091898,3.5563918103122876
3.0,4.0,0.067,1.0,0.05,1.6368418798784237,3.196421337,1.6368418798784237
3.0,4.0,0.067,2.0,0.1,1.1825829540492985,2.526916342,1.1825829540492985
3.0,5.0,0.0835,0.0,0.01,3.812258365513118,3.26577886,3.812258365513118
3.0,5.0,0.0835,1.0,0.05,1.8188612469682495,3.10754414,1.8188612469682495
3.0,5.0,0.0835,2.0,0.1,1.2792486309149453,2.648036205,1.2792486309149453
3.0,6.0,0.1,0.0,0.01,4.003065458347517,3.965550206,4.003065458347517
3.0,6.0,0.1,1.0,0.05,1.9770922767616257,3.401726361,1.9770922767616257
3.0,6.0,0.1,2.0,0.1,1.3744658866346355,2.750459146,1.3744658866346355
4.0,0.0,9.999999999999999e-06,0.0,0.01,0.5036495612068851,0.050964477,0.5036495612068851
4.0,0.0,9.999999999999999e-06,1.0,0.05,0.5026801708685549,0.037143965,0.5026801708685549
4.0,1.0,2.818382931264455e-05,0.0,0.01,0.5058225709510276,0.039575081,0.5058225709510276
4.0,1.0,2.818382931264455e-05,1.0,0.05,0.5031244978202674,0.036362304,0.5031244978202674
4.0,2.0,7.943282347242822e-05,0.0,0.01,0.5116051462832502,0.041372188,0.5116051462832502
4.0,2.0,7.943282347242822e-05,1.0,0.05,0.504355722540248,0.036015991,0.504355722540248
4.0,3.0,0.00022387211385683378,0.0,0.01,0.5263189497708712,0.036465124,0.5263189497708712
4.0,3.0,0.00022387211385683378,1.0,0.05,0.5077953856050629,0.037563118,0.5077953856050629
4.0,4.0,0.000630957344480193,0.0,0.01,0.5655531096749369,0.039525795,0.5655531096749369
4.0,4.0,0.000630957344480193,1.0,0.05,0.5164552362459506,0.03699201,0.5164552362459506
4.0,0.0,0.001,0.0,0.01,0.836178756206984,5.437022347,0.836178756206984
4.0,0.0,0.001,1.0,0.05,0.6250351232358364,4.778530681,0.6250351232358364
4.0,0.0,0.001,2.0,0.1,0.5639260566541345,4.585670067,0.5639260566541345
4.0,1.0,0.0175,0.0,0.01,1.7426723947380403,5.330672038,1.7426723947380403
4.0,1.0,0.0175,1.0,0.05,0.8682874005891484,5.020120238,0.8682874005891484
4.0,1.0,0.0175,2.0,0.1,0.7048757376819038,4.125319395,0.7048757376819038
4.0,2.0,0.034,0.0,0.01,2.28614547679376,7.113610349,2.28614547679376
4.0,2.0,0.034,1.0,0.05,1.0499872039389688,5.250752831,1.0499872039389688
4.0,2.0,0.034,2.0,0.1,0.8093770062826031,4.028231218,0.8093770062826031
4.0,3.0,0.0505,0.0,0.01,2.5835691624663237,5.286392823,2.5835691624663237
4.0,3.0,0.0505,1.0,0.05,1.2220535181503422,4.841743536,1.2220535181503422
4.0,3.0,0.0505,2.0,0.1,0.9018332937058973,4.042815178,0.9018332937058973
4.0,4.0,0.067,0.0,0.01,2.759093008067413,6.755209004,2.759093008067413
4.0,4.0,0.067,1.0,0.05,1.3893935785844238,5.018858912,1.3893935785844238
4.0,4.0,0.067,2.0,0.1,0.9907246623804897,4.394003449,0.9907246623804897
4.0,5.0,0.0835,0.0,0.01,2.8541297470771974,6.96059788,2.8541297470771974
4.0,5.0,0.0835,1.0,0.05,1.5376753449356029,5.941421884,1.5376753449356029
4.0,5.0,0.0835,2.0,0.1,1.0772978067259713,4.369689541,1.0772978067259713
4.0,6.0,0.1,0.0,0.01,2.891257018020532,5.956042288,2.891257018020532
4.0,6.0,0.1,1.0,0.05,1.6632897435779486,5.5731303610000005,1.6632897435779486
4.0,6.0,0.1,2.0,0.1,1.1622751384034027,4.795594538,1.1622751384034027
5.0,0.0,9.999999999999999e-06,0.0,0.01,0.3650185224289045,0.074431595,0.3650185224289045
5.0,0.0,9.999999999999999e-06,1.0,0.05,0.36405601584180736,0.069591641,0.36405601584180736
5.0,1.0,2.818382931264455e-05,0.0,0.01,0.3671890172377176,0.120269246,0.3671890172377176
5.0,1.0,2.818382931264455e-05,1.0,0.05,0.36449480783821936,0.13209452,0.36449480783821936
5.0,2.0,7.943282347242822e-05,0.0,0.01,0.3726839278677869,0.12864584,0.3726839278677869
5.0,2.0,7.943282347242822e-05,1.0,0.05,0.3657219877669117,0.118465389,0.3657219877669117
5.0,3.0,0.00022387211385683378,0.0,0.01,0.387111743340882,0.124162344,0.387111743340882
5.0,3.0,0.00022387211385683378,1.0,0.05,0.36907038646027307,0.116171516,0.36907038646027307
5.0,4.0,0.000630957344480193,0.0,0.01,0.4258516303189616,0.130429556,0.4258516303189616
5.0,4.0,0.000630957344480193,1.0,0.05,0.37740749693044456,0.115672783,0.37740749693044456
5.0,0.0,0.001,0.0,0.01,0.630657959919772,9.0267362,0.630657959919772
5.0,0.0,0.001,1.0,0.05,0.4578468375637579,7.614594607,0.4578468375637579
5.0,0.0,0.001,2.0,0.1,0.4110867880736272,6.514379498,0.4110867880736272
5.0,1.0,0.0175,0.0,0.01,1.464965716075553,9.01524834,1.464965716075553
5.0,1.0,0.0175,1.0,0.05,0.7009205102301804,7.636400682,0.7009205102301804
5.0,1.0,0.0175,2.0,0.1,0.5513607657206444,6.795827727,0.5513607657206444
5.0,2.0,0.034,0.0,0.01,1.8638998990592621,9.20162452,1.8638998990592621
5.0,2.0,0.034,1.0,0.05,0.872840285353819,7.996395678,0.872840285353819
5.0,2.0,0.034,2.0,0.1,0.6558609408568098,6.591937401,0.6558609408568098
5.0,3.0,0.0505,0.0,0.01,2.034254741812657,16.608510663,2.034254741812657
5.0,3.0,0.0505,1.0,0.05,1.0321336889211248,8.242066706,1.0321336889211248
5.0,3.0,0.0505,2.0,0.1,0.7442424403270842,7.388033697,0.7442424403270842
5.0,4.0,0.067,0.0,0.01,2.094272087318268,9.870946527,2.094272087318268
5.0,4.0,0.067,1.0,0.05,1.1737148135158655,8.645052139,1.1737148135158655
5.0,4.0,0.067,2.0,0.1,0.8273268596165523,6.839624593,0.8273268596165523
5.0,5.0,0.0835,0.0,0.01,2.100283213968998,9.098744448,2.100283213968998
5.0,5.0,0.0835,1.0,0.05,1.2917758999382083,8.578260009,1.2917758999382083
5.0,5.0,0.0835,2.0,0.1,0.9074673300795854,7.137535965,0.9074673300795854
5.0,6.0,0.1,0.0,0.01,2.1002055161032542,10.182447263,2.1002055161032542
5.0,6.0,0.1,1.0,0.05,1.3873703915454245,8.567212284,1.3873703915454245
5.0,6.0,0.1,2.0,0.1,0.9850973419100054,7.8409779,0.9850973419100054
6.0,0.0,9.999999999999999e-06,0.0,0.01,0.2485721682305322,0.10758961,0.2485721682305322
6.0,0.0,9.999999999999999e-06,1.0,0.05,0.24761338285932594,0.091652753,0.24761338285932594
6.0,1.0,2.818382931264455e-05,0.0,0.01,0.25069158935777824,0.100974915,0.25069158935777824
6.0,1.0,2.818382931264455e-05,1.0,0.05,0.24805024020601263,0.096151237,0.24805024020601263
6.0,2.0,7.943282347242822e-05,0.0,0.01,0.2559168578983656,0.105125436,0.2559168578983656
6.0,2.0,7.943282347242822e-05,1.0,0.05,0.24927487134775478,0.095495924,0.24927487134775478
6.0,3.0,0.00022387211385683378,0.0,0.01,0.27010710466624244,0.097363261,0.27010710466624244
6.0,3.0,0.00022387211385683378,1.0,0.05,0.2524291277445189,0.089751272,0.2524291277445189
6.0,4.0,0.000630957344480193,0.0,0.01,0.3081567520513848,0.103455782,0.3081567520513848
6.0,4.0,0.000630957344480193,1.0,0.05,0.26054472054896316,0.093475152,0.26054472054896316
6.0,0.0,0.001,0.0,0.01,0.4574604592642776,13.489760415,0.4574604592642776
6.0,0.0,0.001,1.0,0.05,0.31731801037412033,13.836008401,0.31731801037412033
6.0,0.0,0.001,2.0,0.1,0.28261728534751773,11.383174641,0.28261728534751773
6.0,1.0,0.0175,0.0,0.01,1.2208640608665435,15.638263223,1.2208640608665435
6.0,1.0,0.0175,1.0,0.05,0.5590962419946485,12.796662421,0.5590962419946485
6.0,1.0,0.0175,2.0,0.1,0.42086654539304996,10.107601526,0.42086654539304996
6.0,2.0,0.034,0.0,0.01,1.502629281927796,19.417629069,1.502629281927796
6.0,2.0,0.034,1.0,0.05,0.7258532392130905,13.361571554,0.7258532392130905
6.0,2.0,0.034,2.0,0.1,0.5259877723480313,11.941498829,0.5259877723480313
6.0,3.0,0.0505,0.0,0.01,1.5889164540803806,18.336641308,1.5889164540803806
6.0,3.0,0.0505,1.0,0.05,0.8683746544216577,14.486109111,0.8683746544216577
6.0,3.0,0.0505,2.0,0.1,0.6129801343216731,11.485164035,0.6129801343216731
6.0,4.0,0.067,0.0,0.01,1.5983057099518112,24.074542074,1.5983057099518112
6.0,4.0,0.067,1.0,0.05,0.9843812739689093,14.341702178,0.9843812739689093
6.0,4.0,0.067,2.0,0.1,0.6923702426540027,11.322105723,0.6923702426540027
6.0,5.0,0.0835,0.0,0.01,1.5981550529566948,15.557686374,1.5981550529566948
6.0,5.0,0.0835,1.0,0.05,1.07651997670363,13.889478721,1.07651997670363
6.0,5.0,0.0835,2.0,0.1,0.76587479449436,12.44004884,0.76587479449436
6.0,6.0,0.1,0.0,0.01,1.5982717301829168,17.697148928,1.5982717301829168
6.0,6.0,0.1,1.0,0.05,1.147764512475721,13.734470604,1.147764512475721
6.0,6.0,0.1,2.0,0.1,0.8313060990576147,13.184078178,0.8313060990576147
7.0,0.0,9.999999999999999e-06,0.0,0.01,0.15745206583309565,0.172131263,0.15745206583309565
7.0,0.0,9.999999999999999e-06,1.0,0.05,0.15649355330781406,0.137493087,0.15649355330781406
7.0,1.0,2.818382931264455e-05,0.0,0.01,0.15941748134753744,0.15602365,0.15941748134753744
7.0,1.0,2.818382931264455e-05,1.0,0.05,0.15693038840387427,0.135589572,0.15693038840387427
7.0,2.0,7.943282347242822e-05,0.0,0.01,0.1644771620291622,0.150777432,0.1644771620291622
7.0,2.0,7.943282347242822e-05,1.0,0.05,0.1581346647931497,0.130947083,0.1581346647931497
7.0,3.0,0.00022387211385683378,0.0,0.01,0.17846032014840146,0.15414087,0.17846032014840146
7.0,3.0,0.00022387211385683378,1.0,0.05,0.16107343214515962,0.132336617,0.16107343214515962
7.0,4.0,0.000630957344480193,0.0,0.01,0.2155579535426423,0.153043084,0.2155579535426423
7.0,4.0,0.000630957344480193,1.0,0.05,0.16902864554915537,0.138149943,0.16902864554915537
7.0,0.0,0.001,0.0,0.01,0.32098831649546705,24.500220186,0.32098831649546705
7.0,0.0,0.001,1.0,0.05,0.2072629653648109,19.076140451,0.2072629653648109
7.0,0.0,0.001,2.0,0.1,0.18202255522266386,15.037769581,0.18202255522266386
7.0,1.0,0.0175,0.0,0.01,1.0119069671037049,28.446219938,1.0119069671037049
7.0,1.0,0.0175,1.0,0.05,0.4451409391071451,18.291366691,0.4451409391071451
7.0,1.0,0.0175,2.0,0.1,0.3169936101029712,15.336861243,0.3169936101029712
7.0,2.0,0.034,0.0,0.01,1.2077205072209565,27.494265881,1.2077205072209565
7.0,2.0,0.034,1.0,0.05,0.6055555027155042,22.263349323,0.6055555027155042
7.0,2.0,0.034,2.0,0.1,0.42164459080730954,16.410110012,0.42164459080730954
7.0,3.0,0.0505,0.0,0.01,1.2578486316821729,44.085564967,1.2578486316821729
7.0,3.0,0.0505,1.0,0.05,0.7271408503877581,20.441696599,0.7271408503877581
7.0,3.0,0.0505,2.0,0.1,0.5074414987243865,17.3704427,0.5074414987243865
7.0,4.0,0.067,0.0,0.01,1.2591785671376128,25.170188143,1.2591785671376128
7.0,4.0,0.067,1.0,0.05,0.8217420349542358,20.55432186,0.8217420349542358
7.0,4.0,0.067,2.0,0.1,0.5806837751111386,20.07972086,0.5806837751111386
7.0,5.0,0.0835,0.0,0.01,1.2591402914440393,20.17317029,1.2591402914440393
7.0,5.0,0.0835,1.0,0.05,0.8932912731984154,20.687821738,0.8932912731984154
7.0,5.0,0.0835,2.0,0.1,0.6438846081495988,20.433165739,0.6438846081495988
7.0,6.0,0.1,0.0,0.01,1.2591158023599471,29.397742316,1.2591158023599471
7.0,6.0,0.1,1.0,0.05,0.9450914844974531,22.887823936,0.9450914844974531
7.0,6.0,0.1,2.0,0.1,0.6992126133824499,19.447656079,0.6992126133824499
8.0,0.0,9.999999999999999e-06,0.0,0.01,0.09139459463690727,0.282491469,0.09139459463690727
8.0,0.0,9.999999999999999e-06,1.0,0.05,0.09046201835583385,0.243600446,0.09046201835583385
8.0,1.0,2.818382931264455e-05,0.0,0.01,0.0932086543474275,0.337615981,0.0932086543474275
8.0,1.0,2.818382931264455e-05,1.0,0.05,0.09089768102742928,0.500625851,0.09089768102742928
8.0,2.0,7.943282347242822e-05,0.0,0.01,0.09815979546005364,0.623456198,0.09815979546005364
8.0,2.0,7.943282347242822e-05,1.0,0.05,0.09199627550408672,0.24354827,0.09199627550408672
8.0,3.0,0.00022387211385683378,0.0,0.01,0.1119488183163395,0.25954846,0.1119488183163395
8.0,3.0,0.00022387211385683378,1.0,0.05,0.09481955618394194,0.363305899,0.09481955618394194
8.0,4.0,0.000630957344480193,0.0,0.01,0.14776604476743022,0.554664726,0.14776604476743022
8.0,4.0,0.000630957344480193,1.0,0.05,0.10264453258990242,0.538526473,0.10264453258990242
8.0,0.0,0.001,0.0,0.01,0.22096775898963797,29.290166647,0.22096775898963797
8.0,0.0,0.001,1.0,0.05,0.12741736443507712,26.976447976,0.12741736443507712
8.0,0.0,0.001,2.0,0.1,0.10905803222977747,24.090076224,0.10905803222977747
8.0,1.0,0.0175,0.0,0.01,0.8391528607551301,33.898264879,0.8391528607551301
8.0,1.0,0.0175,1.0,0.05,0.35816694382751024,28.367203555,0.35816694382751024
8.0,1.0,0.0175,2.0,0.1,0.23946421575800064,23.243783752,0.23946421575800064
8.0,2.0,0.034,0.0,0.01,0.9782588449317048,62.094935923,0.9782588449317048
8.0,2.0,0.034,1.0,0.05,0.5056017290137278,33.118164258,0.5056017290137278
8.0,2.0,0.034,2.0,0.1,0.3418588647031746,24.932861098,0.3418588647031746
8.0,3.0,0.0505,0.0,0.01,1.017244437721691,41.421529354,1.017244437721691
8.0,3.0,0.0505,1.0,0.05,0.6098335542643292,32.344804628,0.6098335542643292
8.0,3.0,0.0505,2.0,0.1,0.42296165306015054,30.18847601,0.42296165306015054
8.0,4.0,0.067,0.0,0.01,1.018993330249958,37.403370929,1.018993330249958
8.0,4.0,0.067,1.0,0.05,0.6867012920525486,33.267274619,0.6867012920525486
8.0,4.0,0.067,2.0,0.1,0.4877808955709831,29.657211042,0.4877808955709831
8.0,5.0,0.0835,0.0,0.01,1.0189250174115994,31.376607372,1.0189250174115994
8.0,5.0,0.0835,1.0,0.05,0.7424551029900706,32.388139906,0.7424551029900706
8.0,5.0,0.0835,2.0,0.1,0.5420669397350636,29.464072426,0.5420669397350636
8.0,6.0,0.1,0.0,0.01,1.018876932786687,33.146027122,1.018876932786687
8.0,6.0,0.1,1.0,0.05,0.7800977172831066,36.429290954,0.7800977172831066
8.0,6.0,0.1,2.0,0.1,0.5882839493304974,30.416407767,0.5882839493304974
9.0,0.0,9.999999999999999e-06,0.0,0.01,0.047580831796519694,0.358775796,0.047580831796519694
9.0,0.0,9.999999999999999e-06,1.0,0.05,0.046735088860946725,0.312300377,0.046735088860946725
9.0,1.0,2.818382931264455e-05,0.0,0.01,0.04932728953555469,0.37347812,0.04932728953555469
9.0,1.0,2.818382931264455e-05,1.0,0.05,0.047145637841722224,0.746955977,0.047145637841722224
9.0,2.0,7.943282347242822e-05,0.0,0.01,0.05419966801305432,0.74522757,0.05419966801305432
9.0,2.0,7.943282347242822e-05,1.0,0.05,0.04814960935757315,0.430504468,0.04814960935757315
9.0,3.0,0.00022387211385683378,0.0,0.01,0.06764993400967194,0.380225643,0.06764993400967194
9.0,3.0,0.00022387211385683378,1.0,0.05,0.05090757727547348,0.238637899,0.05090757727547348
9.0,4.0,0.000630957344480193,0.0,0.01,0.10189756572952738,0.255982881,0.10189756572952738
9.0,4.0,0.000630957344480193,1.0,0.05,0.058625802292667104,0.227365967,0.058625802292667104
9.0,0.0,0.001,0.0,0.01,0.15322791124912197,51.204280834,0.15322791124912197
9.0,0.0,0.001,1.0,0.05,0.07445413499548577,43.625379578,0.07445413499548577
9.0,0.0,0.001,2.0,0.1,0.06069564238515426,35.647178086,0.06069564238515426
9.0,1.0,0.0175,0.0,0.01,0.7005900119021352,65.11070864,0.7005900119021352
9.0,1.0,0.0175,1.0,0.05,0.29412988693510433,42.254041646,0.29412988693510433
9.0,1.0,0.0175,2.0,0.1,0.18546324062578143,33.616320366,0.18546324062578143
9.0,2.0,0.034,0.0,0.01,0.803435799519606,58.620326675,0.803435799519606
9.0,2.0,0.034,1.0,0.05,0.42782245630485227,43.885048254,0.42782245630485227
9.0,2.0,0.034,2.0,0.1,0.2825242800261288,43.112346043,0.2825242800261288
9.0,3.0,0.0505,0.0,0.01,0.8366981098789709,55.442951225,0.8366981098789709
9.0,3.0,0.0505,1.0,0.05,0.5157567252523524,42.597535407,0.5157567252523524
9.0,3.0,0.0505,2.0,0.1,0.35640802504721064,40.476408927,0.35640802504721064
9.0,4.0,0.067,0.0,0.01,0.8422422828144793,51.831531585,0.8422422828144793
9.0,4.0,0.067,1.0,0.05,0.5783848452197207,47.023835782,0.5783848452197207
9.0,4.0,0.067,2.0,0.1,0.41303777548319043,40.850603557,0.41303777548319043
9.0,5.0,0.0835,0.0,0.01,0.8423185856543595,50.690448511,0.8423185856543595
9.0,5.0,0.0835,1.0,0.05,0.6217451391496063,54.315322661,0.6217451391496063
9.0,5.0,0.0835,2.0,0.1,0.4589994761057103,41.622619594,0.4589994761057103
9.0,6.0,0.1,0.0,0.01,0.8421435123935824,54.41824109,0.8421435123935824
9.0,6.0,0.1,1.0,0.05,0.6487651322836477,87.213960465,0.6487651322836477
9.0,6.0,0.1,2.0,0.1,0.49727209122637656,40.864296015,0.49727209122637656
10.0,0.0,9.999999999999999e-06,0.0,0.01,0.02176176012797652,0.998240714,0.02176176012797652
10.0,0.0,9.999999999999999e-06,1.0,0.05,0.020989266237308273,0.818508283,0.020989266237308273
10.0,1.0,2.818382931264455e-05,0.0,0.01,0.023476155180710695,1.005589463,0.023476155180710695
10.0,1.0,2.818382931264455e-05,1.0,0.05,0.02134671833296767,0.408875187,0.02134671833296767
10.0,2.0,7.943282347242822e-05,0.0,0.01,0.028286659240552705,0.795837478,0.028286659240552705
10.0,2.0,7.943282347242822e-05,1.0,0.05,0.02231793179631847,0.444773341,0.02231793179631847
10.0,3.0,0.00022387211385683378,0.0,0.01,0.04119617584458734,0.673630462,0.04119617584458734
10.0,3.0,0.00022387211385683378,1.0,0.05,0.02503505747064015,0.298156213,0.02503505747064015
10.0,4.0,0.000630957344480193,0.0,0.01,0.07356464196834334,0.339123317,0.07356464196834334
10.0,4.0,0.000630957344480193,1.0,0.05,0.03263948491853788,0.298837222,0.03263948491853788
10.0,0.0,0.001,0.0,0.01,0.11110405103079606,57.804926528,0.11110405103079606
10.0,0.0,0.001,1.0,0.05,0.04305949508359515,52.436464527,0.04305949508359515
10.0,0.0,0.001,2.0,0.1,0.03219794798244744,49.971076627,0.03219794798244744
10.0,1.0,0.0175,0.0,0.01,0.5900160149860677,63.95579234,0.5900160149860677
10.0,1.0,0.0175,1.0,0.05,0.2486421543082802,55.701807062,0.2486421543082802
10.0,1.0,0.0175,2.0,0.1,0.14977165112280158,49.571300709,0.14977165112280158
10.0,2.0,0.034,0.0,0.01,0.6697090258111476,88.135540127,0.6697090258111476
10.0,2.0,0.034,1.0,0.05,0.3664167041599083,56.984014609,0.3664167041599083
10.0,2.0,0.034,2.0,0.1,0.2395909917356966,54.869737854,0.2395909917356966
10.0,3.0,0.0505,0.0,0.01,0.6982162217029844,73.399675463,0.6982162217029844
10.0,3.0,0.0505,1.0,0.05,0.43991848267366784,62.992514636,0.43991848267366784
10.0,3.0,0.0505,2.0,0.1,0.30523817747064486,54.914265848,0.30523817747064486
10.0,4.0,0.067,0.0,0.01,0.7083633291865946,84.147588539,0.7083633291865946
10.0,4.0,0.067,1.0,0.05,0.49114510331518596,61.312455237,0.49114510331518596
10.0,4.0,0.067,2.0,0.1,0.3537506321443475,52.55894015,0.3537506321443475
10.0,5.0,0.0835,0.0,0.01,0.7083981418151152,69.359596467,0.7083981418151152
10.0,5.0,0.0835,1.0,0.05,0.5247754322441486,68.742596777,0.5247754322441486
10.0,5.0,0.0835,2.0,0.1,0.3921132910781143,60.965987697,0.3921132910781143
10.0,6.0,0.1,0.0,0.01,0.7082189904997916,65.422020823,0.7082189904997916
10.0,6.0,0.1,1.0,0.05,0.5449062562402422,63.674181587,0.5449062562402422
10.0,6.0,0.1,2.0,0.1,0.4238924693815176,58.025901604,0.4238924693815176
11.0,0.0,9.999999999999999e-06,0.0,0.01,0.00907472482111192,0.629479738,0.00907472482111192
11.0,0.0,9.999999999999999e-06,1.0,0.05,0.008320797557969667,0.570277101,0.008320797557969667
11.0,1.0,2.818382931264455e-05,0.0,0.01,0.010767715007261732,0.710956092,0.010767715007261732
11.0,1.0,2.818382931264455e-05,1.0,0.05,0.008665504577657742,0.617442792,0.008665504577657742
11.0,2.0,7.943282347242822e-05,0.0,0.01,0.015523683625844038,0.498961646,0.015523683625844038
11.0,2.0,7.943282347242822e-05,1.0,0.05,0.009622299302239453,0.402926407,0.009622299302239453
11.0,3.0,0.00022387211385683378,0.0,0.01,0.02766712528001202,0.434111129,0.02766712528001202
11.0,3.0,0.00022387211385683378,1.0,0.05,0.01231131185790877,0.380948643,0.01231131185790877
11.0,4.0,0.000630957344480193,0.0,0.01,0.05769767136635185,0.450511212,0.05769767136635185
11.0,4.0,0.000630957344480193,1.0,0.05,0.019600646732596816,0.400329118,0.019600646732596816
11.0,0.0,0.001,0.0,0.01,0.08748104400213431,65.299760687,0.08748104400213431
11.0,0.0,0.001,1.0,0.05,0.02722213128877206,74.699751302,0.02722213128877206
11.0,0.0,0.001,2.0,0.1,0.01815311249079396,61.373030779,0.01815311249079396
11.0,1.0,0.0175,0.0,0.01,0.5024334032255233,89.215607683,0.5024334032255233
11.0,1.0,0.0175,1.0,0.05,0.216745943520327,73.823251181,0.216745943520327
11.0,1.0,0.0175,2.0,0.1,0.12749856124047151,70.209910513,0.12749856124047151
11.0,2.0,0.034,0.0,0.01,0.5659733296664441,103.405793599,0.5659733296664441
11.0,2.0,0.034,1.0,0.05,0.31749544190423723,85.250219747,0.31749544190423723
11.0,2.0,0.034,2.0,0.1,0.2089542512213782,75.642760595,0.2089542512213782
11.0,3.0,0.0505,0.0,0.01,0.590672199679903,97.001407963,0.590672199679903
11.0,3.0,0.0505,1.0,0.05,0.37896233235442894,85.411012874,0.37896233235442894
11.0,3.0,0.0505,2.0,0.1,0.2657014983824518,76.120294403,0.2657014983824518
11.0,4.0,0.067,0.0,0.01,0.6043925073257026,134.671785026,0.6043925073257026
11.0,4.0,0.067,1.0,0.05,0.42095132682272235,90.66896632,0.42095132682272235
11.0,4.0,0.067,2.0,0.1,0.3062465711713002,79.938114766,0.3062465711713002
11.0,5.0,0.0835,0.0,0.01,0.6042772320288533,96.161861988,0.6042772320288533
11.0,5.0,0.0835,1.0,0.05,0.447105621881024,90.664476742,0.447105621881024
11.0,5.0,0.0835,2.0,0.1,0.33848721032213436,84.580803747,0.33848721032213436
11.0,6.0,0.1,0.0,0.01,0.6043595384342715,83.758808088,0.6043595384342715
11.0,6.0,0.1,1.0,0.05,0.46276534819752035,92.281227814,0.46276534819752035
11.0,6.0,0.1,2.0,0.1,0.3648945402179265,76.48426329,0.3648945402179265
12.0,0.0,9.999999999999999e-06,0.0,0.01,0.004844121527464129,1.228530875,0.004844121527464129
12.0,0.0,9.999999999999999e-06,1.0,0.05,0.004102367464088274,1.104172431,0.004102367464088274
12.0,1.0,2.818382931264455e-05,0.0,0.01,0.006492147379406076,1.042709525,0.006492147379406076
12.0,1.0,2.818382931264455e-05,1.0,0.05,0.004442482880123852,0.626483447,0.004442482880123852
12.0,2.0,7.943282347242822e-05,0.0,0.01,0.010996595841021186,0.721997586,0.010996595841021186
12.0,2.0,7.943282347242822e-05,1.0,0.05,0.005377580491073439,0.703810894,0.005377580491073439
12.0,3.0,0.00022387211385683378,0.0,0.01,0.022306410278031586,0.72922591,0.022306410278031586
12.0,3.0,0.00022387211385683378,1.0,0.05,0.00799385101189128,0.687269481,0.00799385101189128
12.0,4.0,0.000630957344480193,0.0,0.01,0.04995527725382764,0.779183108,0.04995527725382764
12.0,4.0,0.000630957344480193,1.0,0.05,0.01482481559839101,0.685912312,0.01482481559839101
12.0,0.0,0.001,0.0,0.01,0.07585391134930329,93.288558545,0.07585391134930329
12.0,0.0,0.001,1.0,0.05,0.021227911341961378,101.667230281,0.021227911341961378
12.0,0.0,0.001,2.0,0.1,0.013223566150680082,82.445072811,0.013223566150680082
12.0,1.0,0.0175,0.0,0.01,0.43268740717060505,124.530590834,0.43268740717060505
12.0,1.0,0.0175,1.0,0.05,0.193343462516115,97.850862021,0.193343462516115
12.0,1.0,0.0175,2.0,0.1,0.11391281836955745,96.551388355,0.11391281836955745
12.0,2.0,0.034,0.0,0.01,0.4843943699805916,130.699767681,0.4843943699805916
12.0,2.0,0.034,1.0,0.05,0.27800388759658606,113.533070275,0.27800388759658606
12.0,2.0,0.034,2.0,0.1,0.18637186259290336,97.679197866,0.18637186259290336
12.0,3.0,0.0505,0.0,0.01,0.5058590118262687,116.745903344,0.5058590118262687
12.0,3.0,0.0505,1.0,0.05,0.3294657734594783,117.033937103,0.3294657734594783
12.0,3.0,0.0505,2.0,0.1,0.23387254267886026,104.720832544,0.23387254267886026
12.0,4.0,0.067,0.0,0.01,0.521349850876609,115.474816983,0.521349850876609
12.0,4.0,0.067,1.0,0.05,0.36405002603969633,118.355404267,0.36405002603969633
12.0,4.0,0.067,2.0,0.1,0.26782647637262275,98.73250422,0.26782647637262275
12.0,5.0,0.0835,0.0,0.01,0.521681273008021,116.58181185,0.521681273008021
12.0,5.0,0.0835,1.0,0.05,0.38472966982480117,125.953810692,0.38472966982480117
12.0,5.0,0.0835,2.0,0.1,0.2949213441261409,102.977009247,0.2949213441261409
12.0,6.0,0.1,0.0,0.01,0.5218928844244073,122.662864951,0.5218928844244073
12.0,6.0,0.1,1.0,0.05,0.397336712894333,123.142965969,0.397336712894333
12.0,6.0,0.1,2.0,0.1,0.3170159925207508,103.79668309,0.3170159925207508
13.0,0.0,9.999999999999999e-06,0.0,0.01,0.005180856401587009,0.670614183,0.005180856401587009
13.0,0.0,9.999999999999999e-06,1.0,0.05,0.0044415501509606865,0.656570222,0.0044415501509606865
13.0,1.0,2.818382931264455e-05,0.0,0.01,0.0068079232974338965,0.835374646,0.0068079232974338965
13.0,1.0,2.818382931264455e-05,1.0,0.05,0.004780591483681203,0.664937048,0.004780591483681203
13.0,2.0,7.943282347242822e-05,0.0,0.01,0.010934649913358432,1.008369114,0.010934649913358432
13.0,2.0,7.943282347242822e-05,1.0,0.05,0.005710753339273246,1.13123937,0.005710753339273246
13.0,3.0,0.00022387211385683378,0.0,0.01,0.0212673231263117,1.2826922920000001,0.0212673231263117
13.0,3.0,0.00022387211385683378,1.0,0.05,0.008184485969804025,1.5126411530000001,0.008184485969804025
13.0,4.0,0.000630957344480193,0.0,0.01,0.04654375252975465,1.460498874,0.04654375252975465
13.0,4.0,0.000630957344480193,1.0,0.05,0.014431929964153647,0.785610089,0.014431929964153647
13.0,0.0,0.001,0.0,0.01,0.07063656118027542,116.743012097,0.07063656118027542
13.0,0.0,0.001,1.0,0.05,0.020432972237107487,132.288770589,0.020432972237107487
13.0,0.0,0.001,2.0,0.1,0.013046394437943967,124.173143433,0.013046394437943967
13.0,1.0,0.0175,0.0,0.01,0.37649630050194893,144.787813873,0.37649630050194893
13.0,1.0,0.0175,1.0,0.05,0.1746134769130516,125.449687234,0.1746134769130516
13.0,1.0,0.0175,2.0,0.1,0.10497801894887164,109.356817225,0.10497801894887164
13.0,2.0,0.034,0.0,0.01,0.4191875407832164,135.583691996,0.4191875407832164
13.0,2.0,0.034,1.0,0.05,0.24522668672075798,130.21344301,0.24522668672075798
13.0,2.0,0.034,2.0,0.1,0.16808108341014413,111.559413418,0.16808108341014413
13.0,3.0,0.0505,0.0,0.01,0.4378501076416131,126.558589226,0.4378501076416131
13.0,3.0,0.0505,1.0,0.05,0.28865653010039505,123.349996889,0.28865653010039505
13.0,3.0,0.0505,2.0,0.1,0.2074345019050267,131.862355769,0.2074345019050267
13.0,4.0,0.067,0.0,0.01,0.452408395144535,133.007796425,0.452408395144535
13.0,4.0,0.067,1.0,0.05,0.31744577893049086,135.590104053,0.31744577893049086
13.0,4.0,0.067,2.0,0.1,0.23602176018567786,124.495146818,0.23602176018567786
13.0,5.0,0.0835,0.0,0.01,0.455510094944347,148.277411419,0.455510094944347
13.0,5.0,0.0835,1.0,0.05,0.3342437191117116,142.619455737,0.3342437191117116
13.0,5.0,0.0835,2.0,0.1,0.2588926114788372,122.750008063,0.2588926114788372
13.0,6.0,0.1,0.0,0.01,0.45532918364134745,138.346936705,0.45532918364134745
13.0,6.0,0.1,1.0,0.05,0.3446508156771075,141.507215072,0.3446508156771075
13.0,6.0,0.1,2.0,0.1,0.2775466974784837,123.749654909,0.2775466974784837
14.0,0.0,9.999999999999999e-06,0.0,0.01,0.007215347022373178,1.339092175,0.007215347022373178
14.0,0.0,9.999999999999999e-06,1.0,0.05,0.00647391925994717,1.325878894,0.00647391925994717
14.0,1.0,2.818382931264455e-05,0.0,0.01,0.008699898467969723,1.5602174020000001,0.008699898467969723
14.0,1.0,2.818382931264455e-05,1.0,0.05,0.0068134845407904,1.355314028,0.0068134845407904
14.0,2.0,7.943282347242822e-05,0.0,0.01,0.012464272553945496,1.454460566,0.012464272553945496
14.0,2.0,7.943282347242822e-05,1.0,0.05,0.00770977225181081,0.92126315,0.00770977225181081
14.0,3.0,0.00022387211385683378,0.0,0.01,0.021850872044109088,1.122682068,0.021850872044109088
14.0,3.0,0.00022387211385683378,1.0,0.05,0.009971365579723612,0.948576912,0.009971365579723612
14.0,4.0,0.000630957344480193,0.0,0.01,0.04490027712788744,0.978607821,0.04490027712788744
14.0,4.0,0.000630957344480193,1.0,0.05,0.01563862885521402,0.873044107,0.01563862885521402
14.0,0.0,0.001,0.0,0.01,0.0681328649739102,121.258565709,0.0681328649739102
14.0,0.0,0.001,1.0,0.05,0.021568553553332735,160.885824336,0.021568553553332735
14.0,0.0,0.001,2.0,0.1,0.014576219088135698,138.276156449,0.014576219088135698
14.0,1.0,0.0175,0.0,0.01,0.33026640640088184,174.942849304,0.33026640640088184
14.0,1.0,0.0175,1.0,0.05,0.15815956877018994,155.736849219,0.15815956877018994
14.0,1.0,0.0175,2.0,0.1,0.09810425014935989,138.153539161,0.09810425014935989
14.0,2.0,0.034,0.0,0.01,0.3662837507796532,172.988632963,0.3662837507796532
14.0,2.0,0.034,1.0,0.05,0.21733157947202222,181.41972436,0.21733157947202222
14.0,2.0,0.034,2.0,0.1,0.1519060785509417,165.143932359,0.1519060785509417
14.0,3.0,0.0505,0.0,0.01,0.3829759973974906,165.604855605,0.3829759973974906
14.0,3.0,0.0505,1.0,0.05,0.2545825329988528,174.371867383,0.2545825329988528
14.0,3.0,0.0505,2.0,0.1,0.18474605633272903,158.54967559,0.18474605633272903
14.0,4.0,0.067,0.0,0.01,0.3959121653587494,177.248889559,0.3959121653587494
14.0,4.0,0.067,1.0,0.05,0.27897288073090915,174.313990677,0.27897288073090915
14.0,4.0,0.067,2.0,0.1,0.2090085354689107,165.383261407,0.2090085354689107
14.0,5.0,0.0835,0.0,0.01,0.40103509031992046,170.528371169,0.40103509031992046
14.0,5.0,0.0835,1.0,0.05,0.2929847619001441,177.317065859,0.2929847619001441
14.0,5.0,0.0835,2.0,0.1,0.22857326952269638,165.612306654,0.22857326952269638
14.0,6.0,0.1,0.0,0.01,0.4007722978422433,170.32717451,0.4007722978422433
14.0,6.0,0.1,1.0,0.05,0.3017718241621875,189.152760904,0.3017718241621875
14.0,6.0,0.1,2.0,0.1,0.24455138721041297,160.947154108,0.24455138721041297
15.0,0.0,9.999999999999999e-06,0.0,0.01,0.009089375326126239,2.447290066,0.009089375326126239
15.0,0.0,9.999999999999999e-06,1.0,0.05,0.008418567519376929,2.431602208,0.008418567519376929
15.0,1.0,2.818382931264455e-05,0.0,0.01,0.01045146057076525,2.5135014890000003,0.01045146057076525
15.0,1.0,2.818382931264455e-05,1.0,0.05,0.008728605054260628,2.1952049909999998,0.008728605054260628
15.0,2.0,7.943282347242822e-05,0.0,0.01,0.013875876826726884,2.994614634,0.013875876826726884
15.0,2.0,7.943282347242822e-05,1.0,0.05,0.009550016493084203,2.144071036,0.009550016493084203
15.0,3.0,0.00022387211385683378,0.0,0.01,0.02242402404305016,2.911383491,0.02242402404305016
15.0,3.0,0.00022387211385683378,1.0,0.05,0.011607100258599774,2.030108591,0.011607100258599774
15.0,4.0,0.000630957344480193,0.0,0.01,0.043485595112382786,1.98414723,0.043485595112382786
15.0,4.0,0.000630957344480193,1.0,0.05,0.01676727499271578,1.739506859,0.01676727499271578
15.0,0.0,0.001,0.0,0.01,0.065808845025236,177.170091287,0.065808845025236
15.0,0.0,0.001,1.0,0.05,0.022650543497497014,213.770538425,0.022650543497497014
15.0,0.0,0.001,2.0,0.1,0.016017409451097243,200.723342086,0.016017409451097243
15.0,1.0,0.0175,0.0,0.01,0.29203727596100626,211.7577354,0.29203727596100626
15.0,1.0,0.0175,1.0,0.05,0.14288419386016626,224.259415838,0.14288419386016626
15.0,1.0,0.0175,2.0,0.1,0.09157136363133249,210.270435715,0.09157136363133249
15.0,2.0,0.034,0.0,0.01,0.32299940464704785,216.207768909,0.32299940464704785
15.0,2.0,0.034,1.0,0.05,0.19332808983774677,224.840660792,0.19332808983774677
15.0,2.0,0.034,2.0,0.1,0.13706195305506386,238.037368768,0.13706195305506386
15.0,3.0,0.0505,0.0,0.01,0.3376486976874592,235.71304717,0.3376486976874592
15.0,3.0,0.0505,1.0,0.05,0.22578427857985003,228.686878299,0.22578427857985003
15.0,3.0,0.0505,2.0,0.1,0.16482051382866525,255.166674979,0.16482051382866525
15.0,4.0,0.067,0.0,0.01,0.3494746834811834,253.326212125,0.3494746834811834
15.0,4.0,0.067,1.0,0.05,0.2469598708200812,302.631201534,0.2469598708200812
15.0,4.0,0.067,2.0,0.1,0.1857995805056661,287.997163416,0.1857995805056661
15.0,5.0,0.0835,0.0,0.01,0.35578299273863284,293.005182548,0.35578299273863284
15.0,5.0,0.0835,1.0,0.05,0.2589086803861445,282.871933155,0.2589086803861445
15.0,5.0,0.0835,2.0,0.1,0.20285522311270346,279.030440451,0.20285522311270346
15.0,6.0,0.1,0.0,0.01,0.35588415294517073,265.698969215,0.35588415294517073
15.0,6.0,0.1,1.0,0.05,0.2664983543328985,320.996415062,0.2664983543328985
15.0,6.0,0.1,2.0,0.1,0.21681010845522009,294.719369049,0.21681010845522009
16.0,0.0,9.999999999999999e-06,0.0,0.01,0.010038332686486802,2.433603068,0.010038332686486802
16.0,0.0,9.999999999999999e-06,1.0,0.05,0.009405468184863935,2.450865877,0.009405468184863935
16.0,1.0,2.818382931264455e-05,0.0,0.01,0.011275712801622926,3.09010346,0.011275712801622926
16.0,1.0,2.818382931264455e-05,1.0,0.05,0.009704019484118373,2.661827483,0.009704019484118373
16.0,2.0,7.943282347242822e-05,0.0,0.01,0.014411813393009143,3.168915526,0.014411813393009143
16.0,2.0,7.943282347242822e-05,1.0,0.05,0.01045339966512753,2.733988089,0.01045339966512753
16.0,3.0,0.00022387211385683378,0.0,0.01,0.02224428753879162,3.343894741,0.02224428753879162
16.0,3.0,0.00022387211385683378,1.0,0.05,0.01232996943913489,2.816946923,0.01232996943913489
16.0,4.0,0.000630957344480193,0.0,0.01,0.041523236810975465,3.361658809,0.041523236810975465
16.0,4.0,0.000630957344480193,1.0,0.05,0.017057569672243908,3.489013914,0.017057569672243908
16.0,0.0,0.001,0.0,0.01,0.06269314256907126,290.125000045,0.06269314256907126
16.0,0.0,0.001,1.0,0.05,0.022768454432339748,303.321522247,0.022768454432339748
16.0,0.0,0.001,2.0,0.1,0.01652449878302909,277.305750391,0.01652449878302909
16.0,1.0,0.0175,0.0,0.01,0.26016883132793134,394.70575017,0.26016883132793134
16.0,1.0,0.0175,1.0,0.05,0.12862008823641716,280.928925265,0.12862008823641716
16.0,1.0,0.0175,2.0,0.1,0.08471512855235305,271.647396652,0.08471512855235305
16.0,2.0,0.034,0.0,0.01,0.28710365395813775,275.930450754,0.28710365395813775
16.0,2.0,0.034,1.0,0.05,0.17259497922078976,264.099326112,0.17259497922078976
16.0,2.0,0.034,2.0,0.1,0.12323632355286832,283.649746663,0.12323632355286832
16.0,3.0,0.0505,0.0,0.01,0.30024423983064513,288.741229182,0.30024423983064513
16.0,3.0,0.0505,1.0,0.05,0.2014258618149888,290.434222155,0.2014258618149888
16.0,3.0,0.0505,2.0,0.1,0.1472635464014132,280.211473202,0.1472635464014132
16.0,4.0,0.067,0.0,0.01,0.31095377662215246,296.041266512,0.31095377662215246
16.0,4.0,0.067,1.0,0.05,0.2201508386102778,284.449542606,0.2201508386102778
16.0,4.0,0.067,2.0,0.1,0.16581352476187525,296.832471504,0.16581352476187525
16.0,5.0,0.0835,0.0,0.01,0.317996768935669,323.452519577,0.317996768935669
16.0,5.0,0.0835,1.0,0.05,0.2305519755178754,324.495100519,0.2305519755178754
16.0,5.0,0.0835,2.0,0.1,0.18097286799969484,320.112837471,0.18097286799969484
16.0,6.0,0.1,0.0,0.01,0.3178641069604777,309.068848345,0.3178641069604777
16.0,6.0,0.1,1.0,0.05,0.23718610521173805,366.399922751,0.23718610521173805
16.0,6.0,0.1,2.0,0.1,0.19337792312012644,334.768064584,0.19337792312012644
17.0,0.0,9.999999999999999e-06,0.0,0.01,0.00990441775143638,1.838765554,0.00990441775143638
17.0,0.0,9.999999999999999e-06,1.0,0.05,0.009326482117338959,1.759045091,0.009326482117338959
17.0,1.0,2.818382931264455e-05,0.0,0.01,0.011045957304211415,1.909330963,0.011045957304211415
17.0,1.0,2.818382931264455e-05,1.0,0.05,0.009596457522278867,1.7509019179999998,0.009596457522278867
17.0,2.0,7.943282347242822e-05,0.0,0.01,0.013939910411991177,2.432524478,0.013939910411991177
17.0,2.0,7.943282347242822e-05,1.0,0.05,0.0102817334261553,2.011240881,0.0102817334261553
17.0,3.0,0.00022387211385683378,0.0,0.01,0.021159242787909215,2.222503386,0.021159242787909215
17.0,3.0,0.00022387211385683378,1.0,0.05,0.01201095852741306,1.922147957,0.01201095852741306
17.0,4.0,0.000630957344480193,0.0,0.01,0.03885562683081096,2.491701922,0.03885562683081096
17.0,4.0,0.000630957344480193,1.0,0.05,0.016382696095060646,2.557272708,0.016382696095060646
17.0,0.0,0.001,0.0,0.01,0.0586163717341863,175.555707826,0.0586163717341863
17.0,0.0,0.001,1.0,0.05,0.021755702967880406,201.439443413,0.021755702967880406
17.0,1.0,0.0175,0.0,0.01,0.2332209660223665,259.402174955,0.2332209660223665
17.0,1.0,0.0175,1.0,0.05,0.11554803401186668,214.044705357,0.11554803401186668
17.0,2.0,0.034,0.0,0.01,0.25715294457293425,227.339963317,0.25715294457293425
17.0,2.0,0.034,1.0,0.05,0.15476047400942522,223.697565827,0.15476047400942522
17.0,3.0,0.0505,0.0,0.01,0.26891129976382094,225.971613096,0.26891129976382094
17.0,3.0,0.0505,1.0,0.05,0.1808283245246971,216.499403081,0.1808283245246971
17.0,4.0,0.067,0.0,0.01,0.27842782780323816,229.870523397,0.27842782780323816
17.0,4.0,0.067,1.0,0.05,0.19756433644301433,236.972386629,0.19756433644301433
17.0,5.0,0.0835,0.0,0.01,0.28612266983554113,243.787647772,0.28612266983554113
17.0,5.0,0.0835,1.0,0.05,0.20674559521222785,240.715473143,0.20674559521222785
17.0,6.0,0.1,0.0,0.01,0.2860530320379719,222.67933942,0.2860530320379719
17.0,6.0,0.1,1.0,0.05,0.21256812885929527,254.429357241,0.21256812885929527
18.0,0.0,9.999999999999999e-06,0.0,0.01,0.008967055193229207,2.132975971,0.008967055193229207
18.0,0.0,9.999999999999999e-06,1.0,0.05,0.008427560046363974,2.117534354,0.008427560046363974
18.0,1.0,2.818382931264455e-05,0.0,0.01,0.010037733424542542,2.276690795,0.010037733424542542
18.0,1.0,2.818382931264455e-05,1.0,0.05,0.008680964749418945,2.036838268,0.008680964749418945
18.0,2.0,7.943282347242822e-05,0.0,0.01,0.012756581065600566,1.994607159,0.012756581065600566
18.0,2.0,7.943282347242822e-05,1.0,0.05,0.009318896935767082,2.310154064,0.009318896935767082
18.0,3.0,0.00022387211385683378,0.0,0.01,0.019438591906838606,2.773844203,0.019438591906838606
18.0,3.0,0.00022387211385683378,1.0,0.05,0.010941072147687123,2.15212151,0.010941072147687123
18.0,4.0,0.000630957344480193,0.0,0.01,0.035744301172498764,3.072753254,0.035744301172498764
18.0,4.0,0.000630957344480193,1.0,0.05,0.015018773640408229,2.568438075,0.015018773640408229
18.0,0.0,0.001,0.0,0.01,0.05380290844659393,223.526161082,0.05380290844659393
18.0,0.0,0.001,1.0,0.05,0.019955654108805405,277.325526085,0.019955654108805405
18.0,1.0,0.0175,0.0,0.01,0.21044894311403345,262.544730687,0.21044894311403345
18.0,1.0,0.0175,1.0,0.05,0.10390630855423448,253.185769717,0.10390630855423448
18.0,2.0,0.034,0.0,0.01,0.2317466703497451,274.608609155,0.2317466703497451
18.0,2.0,0.034,1.0,0.05,0.13954463199362924,278.317957448,0.13954463199362924
18.0,3.0,0.0505,0.0,0.01,0.24221131847132718,281.731731968,0.24221131847132718
18.0,3.0,0.0505,1.0,0.05,0.16329780041951886,261.228641176,0.16329780041951886
18.0,4.0,0.067,0.0,0.01,0.25101313725435553,275.150707628,0.25101313725435553
18.0,4.0,0.067,1.0,0.05,0.178414276199997,338.043818942,0.178414276199997
18.0,5.0,0.0835,0.0,0.01,0.2583918714091165,262.777537577,0.2583918714091165
18.0,5.0,0.0835,1.0,0.05,0.18655554404815777,302.433085739,0.18655554404815777
18.0,6.0,0.1,0.0,0.01,0.25871544307090355,270.820499934,0.25871544307090355
18.0,6.0,0.1,1.0,0.05,0.19173652903217614,303.464677904,0.19173652903217614
19.0,0.0,9.999999999999999e-06,0.0,0.01,0.0076512805616676055,8.217431029,0.0076512805616676055
19.0,0.0,9.999999999999999e-06,1.0,0.05,0.00711640721739032,7.470213263,0.00711640721739032
19.0,1.0,2.818382931264455e-05,0.0,0.01,0.008679127515237734,9.378797256,0.008679127515237734
19.0,1.0,2.818382931264455e-05,1.0,0.05,0.007375558966850234,7.550726009,0.007375558966850234
19.0,2.0,7.943282347242822e-05,0.0,0.01,0.01125268753274819,11.411358349,0.01125268753274819
19.0,2.0,7.943282347242822e-05,1.0,0.05,0.007991158165715422,9.393285587,0.007991158165715422
19.0,3.0,0.00022387211385683378,0.0,0.01,0.017485724832788662,10.773120122,0.017485724832788662
19.0,3.0,0.00022387211385683378,1.0,0.05,0.009540740276353417,9.322153316,0.009540740276353417
19.0,4.0,0.000630957344480193,0.0,0.01,0.032607154440849336,11.201104836,0.032607154440849336
19.0,4.0,0.000630957344480193,1.0,0.05,0.013361552670712137,10.484575427,0.013361552670712137
19.0,0.0,0.001,0.0,0.01,0.04888451189961454,295.552375792,0.04888451189961454
19.0,0.0,0.001,1.0,0.05,0.017823464345279913,337.329467087,0.017823464345279913
19.0,1.0,0.0175,0.0,0.01,0.19109262393734866,391.530386284,0.19109262393734866
19.0,1.0,0.0175,1.0,0.05,0.0938974531882605,335.296924323,0.0938974531882605
19.0,2.0,0.034,0.0,0.01,0.2101823264559651,370.783994579,0.2101823264559651
19.0,2.0,0.034,1.0,0.05,0.1266374695775509,362.383883011,0.1266374695775509
19.0,3.0,0.0505,0.0,0.01,0.2196022558731927,367.736368586,0.2196022558731927
19.0,3.0,0.0505,1.0,0.05,0.14837687310484993,357.986850346,0.14837687310484993
19.0,4.0,0.067,0.0,0.01,0.2275165767009846,350.486053976,0.2275165767009846
19.0,4.0,0.067,1.0,0.05,0.16206575679696286,326.847717406,0.16206575679696286
19.0,5.0,0.0835,0.0,0.01,0.23430684100163696,324.985542853,0.23430684100163696
19.0,5.0,0.0835,1.0,0.05,0.16933791055991784,367.770061284,0.16933791055991784
19.0,6.0,0.1,0.0,0.01,0.23485589086979336,342.71169653,0.23485589086979336
19.0,6.0,0.1,1.0,0.05,0.17394802146372904,348.70991968,0.17394802146372904
20.0,0.0,9.999999999999999e-06,0.0,0.01,0.0063699924391657945,8.330283931,0.0063699924391657945
20.0,0.0,9.999999999999999e-06,1.0,0.05,0.0057845134916966485,7.802117236,0.0057845134916966485
20.0,1.0,2.818382931264455e-05,0.0,0.01,0.0073652151401812065,8.551226512,0.0073652151401812065
20.0,1.0,2.818382931264455e-05,1.0,0.05,0.00607797228183858,8.65666144,0.00607797228183858
20.0,2.0,7.943282347242822e-05,0.0,0.01,0.009806582505347198,10.623484326,0.009806582505347198
20.0,2.0,7.943282347242822e-05,1.0,0.05,0.006696662403658012,9.634345877,0.006696662403658012
20.0,3.0,0.00022387211385683378,0.0,0.01,0.01564706607349294,11.722173448,0.01564706607349294
20.0,3.0,0.00022387211385683378,1.0,0.05,0.008187799946352192,10.241813218,0.008187799946352192
20.0,4.0,0.000630957344480193,0.0,0.01,0.029763407188092825,11.17361593,0.029763407188092825
20.0,4.0,0.000630957344480193,1.0,0.05,0.011785185471096495,11.114983476,0.011785185471096495
20.0,0.0,0.001,0.0,0.01,0.04466032016317012,340.656151422,0.04466032016317012
20.0,0.0,0.001,1.0,0.05,0.01578902070844722,382.049863707,0.01578902070844722
20.0,1.0,0.0175,0.0,0.01,0.17427518804988604,417.795057675,0.17427518804988604
20.0,1.0,0.0175,1.0,0.05,0.08550918968457397,404.701603297,0.08550918968457397
20.0,2.0,0.034,0.0,0.01,0.19138728084311493,491.686600464,0.19138728084311493
20.0,2.0,0.034,1.0,0.05,0.11571797493882752,435.538622608,0.11571797493882752
20.0,3.0,0.0505,0.0,0.01,0.20001822851161044,421.670324008,0.20001822851161044
20.0,3.0,0.0505,1.0,0.05,0.13561377841602348,438.675176452,0.13561377841602348
20.0,4.0,0.067,0.0,0.01,0.20720511157987445,450.597153884,0.20720511157987445
20.0,4.0,0.067,1.0,0.05,0.14797724662372908,449.079675498,0.14797724662372908
20.0,5.0,0.0835,0.0,0.01,0.21344048536716945,441.674699558,0.21344048536716945
20.0,5.0,0.0835,1.0,0.05,0.15445916276488889,469.961151916,0.15445916276488889
20.0,6.0,0.1,0.0,0.01,0.21446394884977202,447.496891762,0.21446394884977202
20.0,6.0,0.1,1.0,0.05,0.15859025932679024,470.81304148,0.15859025932679024
21.0,0.0,9.999999999999999e-06,0.0,0.01,0.005334157819213333,7.019529649,0.005334157819213333
21.0,0.0,9.999999999999999e-06,1.0,0.05,0.004715506308214128,7.223026142,0.004715506308214128
21.0,1.0,2.818382931264455e-05,0.0,0.01,0.0063115783211508385,11.263794859,0.0063115783211508385
21.0,1.0,2.818382931264455e-05,1.0,0.05,0.005024831204095016,6.768581201,0.005024831204095016
21.0,2.0,7.943282347242822e-05,0.0,0.01,0.008646425289976382,9.46449954,0.008646425289976382
21.0,2.0,7.943282347242822e-05,1.0,0.05,0.005660021297163694,9.954586142,0.005660021297163694
21.0,3.0,0.00022387211385683378,0.0,0.01,0.014156018680339352,10.932342433,0.014156018680339352
21.0,3.0,0.00022387211385683378,1.0,0.05,0.007102604095628796,9.658988218,0.007102604095628796
21.0,4.0,0.000630957344480193,0.0,0.01,0.027436550925674787,10.523865022,0.027436550925674787
21.0,4.0,0.000630957344480193,1.0,0.05,0.010511360273363968,11.044182678,0.010511360273363968
21.0,0.0,0.001,0.0,0.01,0.04095264315724481,482.201784426,0.04095264315724481
21.0,0.0,0.001,1.0,0.05,0.014172191096667812,503.582636018,0.014172191096667812
21.0,1.0,0.0175,0.0,0.01,0.15977517348677184,776.659076536,0.15977517348677184
21.0,1.0,0.0175,1.0,0.05,0.0786593414013177,519.761730907,0.0786593414013177
21.0,2.0,0.034,0.0,0.01,0.17532468677207005,568.317265286,0.17532468677207005
21.0,2.0,0.034,1.0,0.05,0.10648706516399141,532.528357557,0.10648706516399141
21.0,3.0,0.0505,0.0,0.01,0.18298723373342954,596.890989891,0.18298723373342954
21.0,3.0,0.0505,1.0,0.05,0.12464426812556312,582.77394509,0.12464426812556312
21.0,4.0,0.067,0.0,0.01,0.18965253774653942,577.027942988,0.18965253774653942
21.0,4.0,0.067,1.0,0.05,0.13575946101198053,627.308828748,0.13575946101198053
21.0,5.0,0.0835,0.0,0.01,0.19532526500382527,592.309654496,0.19532526500382527
21.0,5.0,0.0835,1.0,0.05,0.14153426886283352,621.699464036,0.14153426886283352
21.0,6.0,0.1,0.0,0.01,0.19666364036711875,611.664224959,0.19666364036711875
21.0,6.0,0.1,1.0,0.05,0.14524077803959967,654.060151749,0.14524077803959967
22.0,0.0,9.999999999999999e-06,0.0,0.01,0.00467321665755653,11.348185695,0.00467321665755653
22.0,0.0,9.999999999999999e-06,1.0,0.05,0.00404315950968924,10.442676322,0.00404315950968924
22.0,1.0,2.818382931264455e-05,0.0,0.01,0.00565291609600245,13.45765639,0.00565291609600245
22.0,1.0,2.818382931264455e-05,1.0,0.05,0.0043573299862756185,11.481969549,0.0043573299862756185
22.0,2.0,7.943282347242822e-05,0.0,0.01,0.007889627129016825,15.060896945,0.007889627129016825
22.0,2.0,7.943282347242822e-05,1.0,0.05,0.005011352209399565,11.178917254,0.005011352209399565
22.0,3.0,0.00022387211385683378,0.0,0.01,0.013130101651747696,14.461034397,0.013130101651747696
22.0,3.0,0.00022387211385683378,1.0,0.05,0.006409511026759026,12.897003885,0.006409511026759026
22.0,4.0,0.000630957344480193,0.0,0.01,0.025714929129793198,17.110563019,0.025714929129793198
22.0,4.0,0.000630957344480193,1.0,0.05,0.00966079923489508,14.809960597,0.00966079923489508
22.0,0.0,0.001,0.0,0.01,0.03824927977552281,641.431405636,0.03824927977552281
22.0,0.0,0.001,1.0,0.05,0.013070845809286967,646.070223814,0.013070845809286967
22.0,1.0,0.0175,0.0,0.01,0.14707504171365143,763.821740621,0.14707504171365143
22.0,1.0,0.0175,1.0,0.05,0.0731187503348755,709.468277749,0.0731187503348755
22.0,2.0,0.034,0.0,0.01,0.16110912237803987,787.790281748,0.16110912237803987
22.0,2.0,0.034,1.0,0.05,0.09869262998043873,747.508847111,0.09869262998043873
22.0,3.0,0.0505,0.0,0.01,0.16810075589151408,764.491893308,0.16810075589151408
22.0,3.0,0.0505,1.0,0.05,0.11515967498575364,786.370825649,0.11515967498575364
22.0,4.0,0.067,0.0,0.01,0.17425830052475874,787.321405139,0.17425830052475874
22.0,4.0,0.067,1.0,0.05,0.1250653221781058,847.998083432,0.1250653221781058
22.0,5.0,0.0835,0.0,0.01,0.17945200348602558,789.488576616,0.17945200348602558
22.0,5.0,0.0835,1.0,0.05,0.13018213833182574,754.613149803,0.13018213833182574
22.0,6.0,0.1,0.0,0.01,0.18073891016004592,824.634710743,0.18073891016004592
22.0,6.0,0.1,1.0,0.05,0.1335368293450954,811.27166561,0.1335368293450954
23.0,0.0,9.999999999999999e-06,0.0,0.01,0.004387542916371824,12.319454164,0.004387542916371824
23.0,0.0,9.999999999999999e-06,1.0,0.05,0.0037546327407474126,11.075759647,0.0037546327407474126
23.0,1.0,2.818382931264455e-05,0.0,0.01,0.005352426727626451,15.607187085,0.005352426727626451
23.0,1.0,2.818382931264455e-05,1.0,0.05,0.004068135810677042,11.07746251,0.004068135810677042
23.0,2.0,7.943282347242822e-05,0.0,0.01,0.007475232716259534,16.48866574,0.007475232716259534
23.0,2.0,7.943282347242822e-05,1.0,0.05,0.00472560506051132,14.676230732,0.00472560506051132
23.0,3.0,0.00022387211385683378,0.0,0.01,0.012486765319518233,15.302701508,0.012486765319518233
23.0,3.0,0.00022387211385683378,1.0,0.05,0.006073277760452884,13.009713847,0.006073277760452884
23.0,4.0,0.000630957344480193,0.0,0.01,0.024520014125919205,15.559881173,0.024520014125919205
23.0,4.0,0.000630957344480193,1.0,0.05,0.009172205313547696,14.621699496,0.009172205313547696
23.0,0.0,0.001,0.0,0.01,0.03649475657435886,705.626178162,0.03649475657435886
23.0,0.0,0.001,1.0,0.05,0.012406488680017577,695.587442484,0.012406488680017577
23.0,1.0,0.0175,0.0,0.01,0.1358986320323971,897.527608171,0.1358986320323971
23.0,1.0,0.0175,1.0,0.05,0.06862567747385069,820.306139605,0.06862567747385069
23.0,2.0,0.034,0.0,0.01,0.14857455288025637,934.586830676,0.14857455288025637
23.0,2.0,0.034,1.0,0.05,0.09201568597274784,861.293870342,0.09201568597274784
23.0,3.0,0.0505,0.0,0.01,0.15517296860480692,890.678747732,0.15517296860480692
23.0,3.0,0.0505,1.0,0.05,0.10683574643909254,897.811785094,0.10683574643909254
23.0,4.0,0.067,0.0,0.01,0.16074352001986686,932.075137292,0.16074352001986686
23.0,4.0,0.067,1.0,0.05,0.11563816572760609,988.044261946,0.11563816572760609
24.0,0.0,9.999999999999999e-06,0.0,0.01,0.004367368912120309,14.226559287,0.004367368912120309
24.0,0.0,9.999999999999999e-06,1.0,0.05,0.003748839888892065,12.368146826,0.003748839888892065
24.0,1.0,2.818382931264455e-05,0.0,0.01,0.005291692927303621,13.76085704,0.005291692927303621
24.0,1.0,2.818382931264455e-05,1.0,0.05,0.004047091873126891,13.447250822,0.004047091873126891
24.0,2.0,7.943282347242822e-05,0.0,0.01,0.00732355237791871,16.796787081,0.00732355237791871
24.0,2.0,7.943282347242822e-05,1.0,0.05,0.004681738935544895,15.676876643,0.004681738935544895
24.0,3.0,0.00022387211385683378,0.0,0.01,0.012155764586118195,16.290162748,0.012155764586118195
24.0,3.0,0.00022387211385683378,1.0,0.05,0.005976141869018601,15.30317788,0.005976141869018601
24.0,4.0,0.000630957344480193,0.0,0.01,0.023730865150967027,17.748006261,0.023730865150967027
24.0,4.0,0.000630957344480193,1.0,0.05,0.0089581617602769,16.079025297,0.0089581617602769
25.0,0.0,9.999999999999999e-06,0.0,0.01,0.004470680974091861,14.620357838,0.004470680974091861
25.0,0.0,9.999999999999999e-06,1.0,0.05,0.003883210851975826,13.153303785,0.003883210851975826
25.0,1.0,2.818382931264455e-05,0.0,0.01,0.00535436489447546,14.811217671,0.00535436489447546
25.0,1.0,2.818382931264455e-05,1.0,0.05,0.004165995343218828,16.393619398,0.004165995343218828
25.0,2.0,7.943282347242822e-05,0.0,0.01,0.0073173194192281315,18.043275316,0.0073173194192281315
25.0,2.0,7.943282347242822e-05,1.0,0.05,0.004775543870910432,19.317357385,0.004775543870910432
25.0,3.0,0.00022387211385683378,0.0,0.01,0.011996115563444787,17.444264881,0.011996115563444787
25.0,3.0,0.00022387211385683378,1.0,0.05,0.0060155683602296185,19.061184948,0.0060155683602296185
25.0,4.0,0.000630957344480193,0.0,0.01,0.02320346228744477,19.292243615,0.02320346228744477
25.0,4.0,0.000630957344480193,1.0,0.05,0.008893463938279576,19.729022282,0.008893463938279576
25.0,0.0,0.001,0.0,0.01,0.034204459073379746,776.055128498,0.034204459073379746
25.0,0.0,0.001,1.0,0.05,0.011945104184464013,834.494567963,0.011945104184464013
25.0,1.0,0.0175,0.0,0.01,0.11716128622335897,999.609401179,0.11716128622335897
25.0,1.0,0.0175,1.0,0.05,0.0617294421702623,957.249240633,0.0617294421702623
25.0,2.0,0.034,0.0,0.01,0.12754494776525477,1039.194187113,0.12754494776525477
25.0,2.0,0.034,1.0,0.05,0.08097389427186595,1078.108493347,0.08097389427186595
25.0,3.0,0.0505,0.0,0.01,0.13330413592016122,978.401909668,0.13330413592016122
25.0,3.0,0.0505,1.0,0.05,0.0928441589815399,1124.596722847,0.0928441589815399
25.0,4.0,0.067,0.0,0.01,0.1380104449656922,1008.85008161,0.1380104449656922
25.0,4.0,0.067,1.0,0.05,0.0997682563537138,1188.455052505,0.0997682563537138
25.0,5.0,0.0835,0.0,0.01,0.1422877760816354,1027.445469007,0.1422877760816354
25.0,5.0,0.0835,1.0,0.05,0.10334773426060531,1062.240635135,0.10334773426060531
25.0,6.0,0.1,0.0,0.01,0.14368179727053415,1065.837530747,0.14368179727053415
25.0,6.0,0.1,1.0,0.05,0.10586043237675177,1130.287137125,0.10586043237675177
26.0,0.0,0.001,0.0,0.01,0.03358766079218343,1053.005124052,0.03358766079218343
26.0,0.0,0.001,1.0,0.05,0.011843068198742349,1061.618229682,0.011843068198742349
26.0,1.0,0.0175,0.0,0.01,0.10919823315803345,1122.118015213,0.10919823315803345
26.0,1.0,0.0175,1.0,0.05,0.0589027326607292,1134.107882993,0.0589027326607292
26.0,2.0,0.034,0.0,0.01,0.11895024101194596,1277.805000744,0.11895024101194596
26.0,2.0,0.034,1.0,0.05,0.07625202080526208,1237.733291142,0.07625202080526208
26.0,3.0,0.0505,0.0,0.01,0.12410909142001528,1279.781496999,0.12410909142001528
26.0,3.0,0.0505,1.0,0.05,0.08687754156046935,1316.918958562,0.08687754156046935
26.0,4.0,0.067,0.0,0.01,0.12841084848298723,1295.055978135,0.12841084848298723
26.0,4.0,0.067,1.0,0.05,0.09300941932691562,1357.927978365,0.09300941932691562
26.0,5.0,0.0835,0.0,0.01,0.13232092206849688,1259.715483401,0.13232092206849688
26.0,5.0,0.0835,1.0,0.05,0.09625699543254752,1309.914848536,0.09625699543254752
26.0,6.0,0.1,0.0,0.01,0.13389406246907248,1360.677832212,0.13389406246907248
26.0,6.0,0.1,1.0,0.05,0.09854808033559165,1364.340041815,0.09854808033559165
27.0,0.0,0.001,0.0,0.01,0.03286542724990004,1124.211059973,0.03286542724990004
27.0,0.0,0.001,1.0,0.05,0.01174511159346539,1182.905737025,0.01174511159346539
27.0,1.0,0.0175,0.0,0.01,0.10195219065055654,1409.161052937,0.10195219065055654
27.0,1.0,0.0175,1.0,0.05,0.05621121111290999,1269.819287389,0.05621121111290999
27.0,2.0,0.034,0.0,0.01,0.11102581129923508,1489.05517775,0.11102581129923508
27.0,2.0,0.034,1.0,0.05,0.0719203469380098,1409.952800423,0.0719203469380098
27.0,3.0,0.0505,0.0,0.01,0.11563542865504516,1385.370757105,0.11563542865504516
27.0,3.0,0.0505,1.0,0.05,0.08144302100883012,1510.070187677,0.08144302100883012
27.0,4.0,0.067,0.0,0.01,0.11976683817514217,1402.771752498,0.11976683817514217
27.0,4.0,0.067,1.0,0.05,0.0869093960430831,1658.212502055,0.0869093960430831
27.0,5.0,0.0835,0.0,0.01,0.12341927547981868,1365.483883079,0.12341927547981868
27.0,5.0,0.0835,1.0,0.05,0.08987291542769903,1540.015637826,0.08987291542769903
27.0,6.0,0.1,0.0,0.01,0.1252582331671063,1429.327284576,0.1252582331671063
27.0,6.0,0.1,1.0,0.05,0.09195490324941813,1427.625210751,0.09195490324941813
28.0,0.0,0.001,0.0,0.01,0.032039444821038605,1406.215468646,0.032039444821038605
28.0,0.0,0.001,1.0,0.05,0.011533338307373435,1445.203476375,0.011533338307373435
28.0,1.0,0.0175,0.0,0.01,0.09547309474181595,1594.00374931,0.09547309474181595
28.0,1.0,0.0175,1.0,0.05,0.05367247821873008,1593.355648493,0.05367247821873008
28.0,2.0,0.034,0.0,0.01,0.10389194523180584,1848.690541874,0.10389194523180584
28.0,2.0,0.034,1.0,0.05,0.0678678960420654,1790.898418192,0.0678678960420654
28.0,3.0,0.0505,0.0,0.01,0.10830201849363012,1944.633481533,0.10830201849363012
28.0,3.0,0.0505,1.0,0.05,0.0764918359925949,1656.364793856,0.0764918359925949
28.0,4.0,0.067,0.0,0.01,0.11220963621292385,1852.258743794,0.11220963621292385
28.0,4.0,0.067,1.0,0.05,0.0813853311852778,1914.253315528,0.0813853311852778
28.0,5.0,0.0835,0.0,0.01,0.11543122220160397,1798.119191555,0.11543122220160397
28.0,5.0,0.0835,1.0,0.05,0.08408630551155485,1920.337200124,0.08408630551155485
28.0,6.0,0.1,0.0,0.01,0.11745755039737175,1896.5658324,0.11745755039737175
28.0,6.0,0.1,1.0,0.05,0.08601228747057883,1746.183125651,0.08601228747057883
29.0,0.0,0.001,0.0,0.01,0.031168343738145112,2191.981010747,0.031168343738145112
29.0,1.0,0.0175,0.0,0.01,0.08970626617087073,2580.93835598,0.08970626617087073
29.0,2.0,0.034,0.0,0.01,0.09745552254789434,2701.500997305,0.09745552254789434
29.0,3.0,0.0505,0.0,0.01,0.1016906089275195,2677.536344841,0.1016906089275195
29.0,4.0,0.067,0.0,0.01,0.10522106321655686,2630.508915805,0.10522106321655686
29.0,5.0,0.0835,0.0,0.01,0.10835769786695178,2692.610833921,0.10835769786695178
29.0,6.0,0.1,0.0,0.01,0.11036060175224623,2830.355666306,0.11036060175224623
30.0,0.0,0.001,0.0,0.01,0.030343769752910987,1846.299258959,0.030343769752910987
30.0,1.0,0.0175,0.0,0.01,0.08430479022515305,2225.903974546,0.08430479022515305
30.0,2.0,0.034,0.0,0.01,0.09148391613554738,2391.720546764,0.09148391613554738
30.0,3.0,0.0505,0.0,0.01,0.09548454592146118,2174.924554235,0.09548454592146118
30.0,4.0,0.067,0.0,0.01,0.09878870020759507,2184.848174778,0.09878870020759507
30.0,5.0,0.0835,0.0,0.01,0.10183727080099007,2248.519799684,0.10183727080099007
30.0,6.0,0.1,0.0,0.01,0.10338641011431127,2281.388705385,0.10338641011431127
31.0,0.0,0.001,0.0,0.01,0.029551250465533783,2611.646780152,0.029551250465533783
31.0,1.0,0.0175,0.0,0.01,0.07944223829210542,2964.411797215,0.07944223829210542
31.0,2.0,0.034,0.0,0.01,0.08614511030781274,3235.252302175,0.08614511030781274
31.0,3.0,0.0505,0.0,0.01,0.09000668601094917,3294.603899528,0.09000668601094917
31.0,4.0,0.067,0.0,0.01,0.09313540760681033,3297.149808709,0.09313540760681033
31.0,5.0,0.0835,0.0,0.01,0.09572848336509636,3415.606927156,0.09572848336509636
31.0,6.0,0.1,0.0,0.01,0.09745415566899861,3363.997075293,0.09745415566899861
