i,K,obj_val
0.0,1.0,9.70168104759369
0.0,2.0,5.317156377672065
0.0,3.0,3.7220086615067167
0.0,4.0,2.9059660061226698
0.0,5.0,2.3999345436587047
0.0,6.0,2.0538964386910887
0.0,7.0,1.7970651123397774
0.0,8.0,1.5939145936279662
0.0,9.0,1.4371282003621264
0.0,10.0,1.3093419883522213
0.0,11.0,1.2003833401840982
0.0,12.0,1.104747955613563
0.0,13.0,1.019563474156035
0.0,14.0,0.9440459952083025
0.0,15.0,0.8756214009846648
0.0,16.0,0.8134143113462473
0.0,17.0,0.7587263042488672
0.0,18.0,0.7093036148116898
0.0,19.0,0.6647043786191613
0.0,20.0,0.6239888196230847
0.0,21.0,0.5875552522882659
0.0,22.0,0.5541935166180245
0.0,23.0,0.5232682830388704
0.0,24.0,0.49502245858521743
0.0,25.0,0.46944443554407655
1.0,1.0,8.599553995278463
1.0,2.0,4.842226926120198
1.0,3.0,3.377782842601846
1.0,4.0,2.6239970745451338
1.0,5.0,2.1728496571291647
1.0,6.0,1.8666492734763622
1.0,7.0,1.6391847098065906
1.0,8.0,1.4634602890210235
1.0,9.0,1.3220798213918261
1.0,10.0,1.2078310078849777
1.0,11.0,1.11136492710947
1.0,12.0,1.029301458877077
1.0,13.0,0.9582003246221591
1.0,14.0,0.8948112121006586
1.0,15.0,0.8379690019360222
1.0,16.0,0.7861683411162819
1.0,17.0,0.7386967952202497
1.0,18.0,0.6947607988628546
1.0,19.0,0.653420319075626
1.0,20.0,0.6143640167482021
1.0,21.0,0.5773030493145228
1.0,22.0,0.5423277131989597
1.0,23.0,0.5094201640370155
1.0,24.0,0.47828108491594357
1.0,25.0,0.44863332058471617
2.0,1.0,9.428227020807022
2.0,2.0,5.3584673605514785
2.0,3.0,3.7065187077462474
2.0,4.0,2.841491515282063
2.0,5.0,2.325219322682533
2.0,6.0,1.9818496488356638
2.0,7.0,1.7335442802493999
2.0,8.0,1.5466493276006412
2.0,9.0,1.4031393972136135
2.0,10.0,1.2872556022562298
2.0,11.0,1.1914175798925868
2.0,12.0,1.1089439720847336
2.0,13.0,1.0379891857153778
2.0,14.0,0.9752082285197679
2.0,15.0,0.9193677477848174
2.0,16.0,0.8688895331307629
2.0,17.0,0.8233131861049481
2.0,18.0,0.7818988494723316
2.0,19.0,0.7440155867406775
2.0,20.0,0.7091648728460971
2.0,21.0,0.6766832604780273
2.0,22.0,0.6468617485361081
2.0,23.0,0.619020232472546
2.0,24.0,0.5929547430890594
2.0,25.0,0.5683133615085563
3.0,1.0,9.70544890612472
3.0,2.0,5.35283313374782
3.0,3.0,3.6501086434623264
3.0,4.0,2.790588390856346
3.0,5.0,2.2758703717735607
3.0,6.0,1.9341262440431723
3.0,7.0,1.694488421093138
3.0,8.0,1.5114597039092397
3.0,9.0,1.3628045140184977
3.0,10.0,1.2383791176704193
3.0,11.0,1.1328668886003577
3.0,12.0,1.0403163888144515
3.0,13.0,0.9576504190376145
3.0,14.0,0.8832974272184915
3.0,15.0,0.8174937655041337
3.0,16.0,0.7580083859507978
3.0,17.0,0.7040076828535371
3.0,18.0,0.6546228555052851
3.0,19.0,0.6100656192218663
3.0,20.0,0.5697412792247212
3.0,21.0,0.5322060643204667
3.0,22.0,0.497883465662186
3.0,23.0,0.4664540134881596
3.0,24.0,0.4374279622676598
3.0,25.0,0.4102196096527493
4.0,1.0,7.0289269432233885
4.0,2.0,4.045412222724074
4.0,3.0,2.8035763310784407
4.0,4.0,2.1548856323236585
4.0,5.0,1.7670284424025162
4.0,6.0,1.5058750580441371
4.0,7.0,1.3154189427633254
4.0,8.0,1.1698267257574368
4.0,9.0,1.0525506634904938
4.0,10.0,0.9575865026593258
4.0,11.0,0.876689285842752
4.0,12.0,0.8068135117009207
4.0,13.0,0.7461551727801474
4.0,14.0,0.6933702142880334
4.0,15.0,0.6463208647264178
4.0,16.0,0.6036573386476034
4.0,17.0,0.564022559118448
4.0,18.0,0.5271450849394697
4.0,19.0,0.49261406090124726
4.0,20.0,0.4605201298805479
4.0,21.0,0.4307583271024358
4.0,22.0,0.4028015178881539
4.0,23.0,0.3768927998625271
4.0,24.0,0.3530078343304872
4.0,25.0,0.33139163503839075
5.0,1.0,12.76614643001042
5.0,2.0,6.93582693575338
5.0,3.0,4.621699978681854
5.0,4.0,3.4695713992338346
5.0,5.0,2.8115365563252874
5.0,6.0,2.378280526435417
5.0,7.0,2.06481779685756
5.0,8.0,1.8320506307369167
5.0,9.0,1.6486888897793657
5.0,10.0,1.4976975051002013
5.0,11.0,1.3697859596655855
5.0,12.0,1.2607026994459973
5.0,13.0,1.1663331553410288
5.0,14.0,1.0821284350691265
5.0,15.0,1.0065393537506342
5.0,16.0,0.9391772130014848
5.0,17.0,0.8785183561541077
5.0,18.0,0.8243043306731259
5.0,19.0,0.7755068077576341
5.0,20.0,0.7322095906894655
5.0,21.0,0.6923624749350177
5.0,22.0,0.6554154408698292
5.0,23.0,0.6212156906734068
5.0,24.0,0.58913363340631
5.0,25.0,0.5591608529503702
6.0,1.0,9.469185968321966
6.0,2.0,5.2546407381154
6.0,3.0,3.731994486857399
6.0,4.0,2.974827486992389
6.0,5.0,2.510945627915497
6.0,6.0,2.1856058738698376
6.0,7.0,1.938340547070955
6.0,8.0,1.7382339690384576
6.0,9.0,1.5725239894692757
6.0,10.0,1.4310867674521424
6.0,11.0,1.3083247954666888
6.0,12.0,1.1997424508379995
6.0,13.0,1.1045450194609767
6.0,14.0,1.020382597653395
6.0,15.0,0.9468818395081069
6.0,16.0,0.881660441678604
6.0,17.0,0.8246857493835469
6.0,18.0,0.77390039058045
6.0,19.0,0.7278159657611791
6.0,20.0,0.6852672961948256
6.0,21.0,0.6456315747403263
6.0,22.0,0.6090810825895954
6.0,23.0,0.5746528318815729
6.0,24.0,0.542085316255303
6.0,25.0,0.5119696980670012
7.0,1.0,7.090721985630643
7.0,2.0,4.197454878476823
7.0,3.0,3.0284660315548164
7.0,4.0,2.4174480924012816
7.0,5.0,2.034656032420247
7.0,6.0,1.7684657916399633
7.0,7.0,1.5640971706711078
7.0,8.0,1.4025728806418432
7.0,9.0,1.2666896301686705
7.0,10.0,1.1522611285903146
7.0,11.0,1.0551483898867087
7.0,12.0,0.969388489698173
7.0,13.0,0.8935666606132857
7.0,14.0,0.8266245818992903
7.0,15.0,0.7663976323416808
7.0,16.0,0.7114893617778817
7.0,17.0,0.6618192933572029
7.0,18.0,0.6160305295779471
7.0,19.0,0.5733107755206737
7.0,20.0,0.533329263809124
7.0,21.0,0.49607495639538435
7.0,22.0,0.46107777303806774
7.0,23.0,0.428117729726762
7.0,24.0,0.3976558875244329
7.0,25.0,0.36899662884760964
8.0,1.0,10.742506030443334
8.0,2.0,6.263451052350086
8.0,3.0,4.401789506117717
8.0,4.0,3.4161254168822905
8.0,5.0,2.8165954473801422
8.0,6.0,2.4023747454947877
8.0,7.0,2.098801437515342
8.0,8.0,1.8654971608560968
8.0,9.0,1.6806489423977684
8.0,10.0,1.5277338863102283
8.0,11.0,1.4000398793060223
8.0,12.0,1.2893534110662612
8.0,13.0,1.1917647278074428
8.0,14.0,1.1052319480819168
8.0,15.0,1.028409540436443
8.0,16.0,0.9598255562677673
8.0,17.0,0.8973876209889449
8.0,18.0,0.8402277250132473
8.0,19.0,0.7880368751251412
8.0,20.0,0.7401713815378974
8.0,21.0,0.6959928186926154
8.0,22.0,0.6551378436188546
8.0,23.0,0.6173485938085941
8.0,24.0,0.5824929837666675
8.0,25.0,0.5500524580018524
9.0,1.0,13.04808706891044
9.0,2.0,7.110013127465979
9.0,3.0,4.8076330408236165
9.0,4.0,3.661594638490718
9.0,5.0,2.9918517737160277
9.0,6.0,2.554681448787094
9.0,7.0,2.2387890203388965
9.0,8.0,1.998759120765441
9.0,9.0,1.8070039743048882
9.0,10.0,1.6471582103575448
9.0,11.0,1.5104393456799263
9.0,12.0,1.3931629709803799
9.0,13.0,1.2901913307596642
9.0,14.0,1.199078054594776
9.0,15.0,1.118911206834853
9.0,16.0,1.0476083562483653
9.0,17.0,0.9831857691103769
9.0,18.0,0.9251626644304416
9.0,19.0,0.8714529813326468
9.0,20.0,0.8225252106092489
9.0,21.0,0.7778148168433807
9.0,22.0,0.736150964521161
9.0,23.0,0.6976326568730515
9.0,24.0,0.6618100925625461
9.0,25.0,0.6286162239626725
10.0,1.0,11.403418748346107
10.0,2.0,6.407839078207468
10.0,3.0,4.445100766424382
10.0,4.0,3.4332508393929313
10.0,5.0,2.838595231710018
10.0,6.0,2.442903314171293
10.0,7.0,2.1614059732842676
10.0,8.0,1.9517298516412191
10.0,9.0,1.7850515222048582
10.0,10.0,1.6458046072668395
10.0,11.0,1.5284437535383297
10.0,12.0,1.425509559686371
10.0,13.0,1.3349380775072124
10.0,14.0,1.2536902665208025
10.0,15.0,1.1799509823146783
10.0,16.0,1.1122690411111087
10.0,17.0,1.0496479170121518
10.0,18.0,0.9911572439401661
10.0,19.0,0.9364457145016472
10.0,20.0,0.885570244777508
10.0,21.0,0.8374472875043715
10.0,22.0,0.7928157149365713
10.0,23.0,0.751022615481105
10.0,24.0,0.7115516798025183
10.0,25.0,0.6748483915470773
11.0,1.0,8.653328602676954
11.0,2.0,5.263218744274942
11.0,3.0,3.811912476478774
11.0,4.0,3.011507970555167
11.0,5.0,2.5099167046003643
11.0,6.0,2.1607162382224914
11.0,7.0,1.8990842354795046
11.0,8.0,1.6929376429646243
11.0,9.0,1.5242869449735679
11.0,10.0,1.379990850349592
11.0,11.0,1.257913588782615
11.0,12.0,1.1540418245228352
11.0,13.0,1.062931954539291
11.0,14.0,0.9812041226658152
11.0,15.0,0.9071925991283063
11.0,16.0,0.8394717535174046
11.0,17.0,0.7778481831172206
11.0,18.0,0.7217696095931423
11.0,19.0,0.6699161074315256
11.0,20.0,0.6224075895210142
11.0,21.0,0.5784824439141234
11.0,22.0,0.5373978740080814
11.0,23.0,0.49914752764807613
11.0,24.0,0.46349960553214853
11.0,25.0,0.4306517228754565
12.0,1.0,8.980443250538448
12.0,2.0,5.0835331591417265
12.0,3.0,3.658960743029276
12.0,4.0,2.9264700351130504
12.0,5.0,2.4895229365389993
12.0,6.0,2.1855671181212433
12.0,7.0,1.952276303180975
12.0,8.0,1.7666627569749354
12.0,9.0,1.6170327861996654
12.0,10.0,1.491534204666345
12.0,11.0,1.382443981395161
12.0,12.0,1.2868432951626128
12.0,13.0,1.2010076734925859
12.0,14.0,1.122838463636386
12.0,15.0,1.0517830344019625
12.0,16.0,0.9861931295512427
12.0,17.0,0.9252560832530277
12.0,18.0,0.8686618235910988
12.0,19.0,0.8156924212972827
12.0,20.0,0.7659449461326151
12.0,21.0,0.7188717359451093
12.0,22.0,0.6746433566829246
12.0,23.0,0.633458637938797
12.0,24.0,0.5951454578824809
12.0,25.0,0.5588396984320161
13.0,1.0,15.48421345145075
13.0,2.0,7.974313690710544
13.0,3.0,5.236120157292043
13.0,4.0,3.9057479913276696
13.0,5.0,3.137398104266075
13.0,6.0,2.6349178262590796
13.0,7.0,2.2782107949850774
13.0,8.0,2.0070629173561185
13.0,9.0,1.7963273655114547
13.0,10.0,1.6304007561887355
13.0,11.0,1.4913086996687204
13.0,12.0,1.374048491188785
13.0,13.0,1.274999985163574
13.0,14.0,1.18763805453744
13.0,15.0,1.108563382365074
13.0,16.0,1.0364615595023468
13.0,17.0,0.971003755249618
13.0,18.0,0.9119446322813376
13.0,19.0,0.8594427033199308
13.0,20.0,0.812264783002834
13.0,21.0,0.7692522120531988
13.0,22.0,0.7299330236695409
13.0,23.0,0.6940837983586468
13.0,24.0,0.6605503090149663
13.0,25.0,0.6294127764073769
14.0,1.0,9.905787898408825
14.0,2.0,5.183847110890422
14.0,3.0,3.525476048611875
14.0,4.0,2.6880035283311337
14.0,5.0,2.1729753658570843
14.0,6.0,1.8244401769153615
14.0,7.0,1.5780760376216776
14.0,8.0,1.392864416461963
14.0,9.0,1.245194923748734
14.0,10.0,1.1240211248114491
14.0,11.0,1.0209775392050986
14.0,12.0,0.9327076205956564
14.0,13.0,0.8558382814990342
14.0,14.0,0.7868946528175842
14.0,15.0,0.7256406969838194
14.0,16.0,0.6711745023212448
14.0,17.0,0.6213808069570899
14.0,18.0,0.5754895836126517
14.0,19.0,0.5323809717438817
14.0,20.0,0.4926000924783134
14.0,21.0,0.4568012516830784
14.0,22.0,0.42412908922579273
14.0,23.0,0.3935682571700232
14.0,24.0,0.36495091919770317
14.0,25.0,0.3381759027766833
15.0,1.0,11.77672273547995
15.0,2.0,6.0131290303681775
15.0,3.0,3.9896927480967443
15.0,4.0,3.012981860307563
15.0,5.0,2.4498391438764253
15.0,6.0,2.074515643182635
15.0,7.0,1.7978734290758185
15.0,8.0,1.5831915484614205
15.0,9.0,1.4196581773423018
15.0,10.0,1.2870630262640654
15.0,11.0,1.1745999958252806
15.0,12.0,1.0774069695878579
15.0,13.0,0.9932808678707774
15.0,14.0,0.9224267448588774
15.0,15.0,0.860272037887091
15.0,16.0,0.8046096409379322
15.0,17.0,0.7535788714037812
15.0,18.0,0.7069524436263359
15.0,19.0,0.6648753698111669
15.0,20.0,0.6267800656261242
15.0,21.0,0.592309330432581
15.0,22.0,0.5604771725674143
15.0,23.0,0.5313336601589
15.0,24.0,0.5048100632564116
15.0,25.0,0.48030901202739695
16.0,1.0,12.667380239615428
16.0,2.0,6.8433729402041745
16.0,3.0,4.711280745111461
16.0,4.0,3.665994098629625
16.0,5.0,3.0529194548315974
16.0,6.0,2.6636931060914097
16.0,7.0,2.388070470169664
16.0,8.0,2.1719101537007877
16.0,9.0,1.994326817068366
16.0,10.0,1.8428554179218395
16.0,11.0,1.7101486112592408
16.0,12.0,1.592523727115159
16.0,13.0,1.4876145724574563
16.0,14.0,1.3934301807503662
16.0,15.0,1.3093762270573377
16.0,16.0,1.2330197404917502
16.0,17.0,1.1624274334065472
16.0,18.0,1.096932009527606
16.0,19.0,1.036984161413935
16.0,20.0,0.9820572062825601
16.0,21.0,0.9317859439531837
16.0,22.0,0.8845051569706328
16.0,23.0,0.8407775564714441
16.0,24.0,0.7995370072640888
16.0,25.0,0.7617291386368645
17.0,1.0,12.117112091991936
17.0,2.0,6.422582194505596
17.0,3.0,4.188461310437301
17.0,4.0,3.0581148629772894
17.0,5.0,2.3958705876270745
17.0,6.0,1.976694049262182
17.0,7.0,1.6846423298468736
17.0,8.0,1.4732233667355041
17.0,9.0,1.3132231390298719
17.0,10.0,1.1851610847209972
17.0,11.0,1.078724580229859
17.0,12.0,0.987504890726556
17.0,13.0,0.9073326995158126
17.0,14.0,0.8361317641378934
17.0,15.0,0.7723196954699958
17.0,16.0,0.716308523174944
17.0,17.0,0.666254364454562
17.0,18.0,0.6211295797034246
17.0,19.0,0.5799416465831078
17.0,20.0,0.5421445189815071
17.0,21.0,0.507870832555156
17.0,22.0,0.4761318539664998
17.0,23.0,0.44651618266578286
17.0,24.0,0.4187940201777307
17.0,25.0,0.39290281014645156
18.0,1.0,10.522180112740363
18.0,2.0,5.82362209027978
18.0,3.0,3.900582456264809
18.0,4.0,2.92811639167463
18.0,5.0,2.3507487915281082
18.0,6.0,1.9718379376377122
18.0,7.0,1.7001827131673988
18.0,8.0,1.4915419752566548
18.0,9.0,1.3266490394563402
18.0,10.0,1.1885654839285626
18.0,11.0,1.0695547102231595
18.0,12.0,0.9660714123261762
18.0,13.0,0.8788882038085468
18.0,14.0,0.806984565095398
18.0,15.0,0.744841584030361
18.0,16.0,0.6895052304157456
18.0,17.0,0.6410722015567689
18.0,18.0,0.597461417561906
18.0,19.0,0.5588735452070246
18.0,20.0,0.5243647654566157
18.0,21.0,0.492398025419301
18.0,22.0,0.46283469698778834
18.0,23.0,0.43515537405844373
18.0,24.0,0.4090715185436844
18.0,25.0,0.38473343383476966
19.0,1.0,11.021792548221207
19.0,2.0,6.305877041329228
19.0,3.0,4.279074182006084
19.0,4.0,3.2024700469912846
19.0,5.0,2.562488706793361
19.0,6.0,2.141388360089743
19.0,7.0,1.8408140420027372
19.0,8.0,1.6204307336437864
19.0,9.0,1.44828014308826
19.0,10.0,1.3079420262470354
19.0,11.0,1.193037888542115
19.0,12.0,1.0961823012559773
19.0,13.0,1.0133324359973246
19.0,14.0,0.9404471267125194
19.0,15.0,0.8754652097249771
19.0,16.0,0.8168854188116352
19.0,17.0,0.765000417351966
19.0,18.0,0.717884498189461
19.0,19.0,0.6754031666461779
19.0,20.0,0.6359994336758401
19.0,21.0,0.5997067734146437
19.0,22.0,0.5658208365429429
19.0,23.0,0.534486775750322
19.0,24.0,0.504961878662372
19.0,25.0,0.47744547741032495
20.0,1.0,14.039764730451477
20.0,2.0,7.25147554713907
20.0,3.0,4.825140877650836
20.0,4.0,3.6571629715329097
20.0,5.0,2.9875005193239295
20.0,6.0,2.546857975792519
20.0,7.0,2.229852561274595
20.0,8.0,1.9871479896637174
20.0,9.0,1.795609025373257
20.0,10.0,1.6379321618166527
20.0,11.0,1.506572469377411
20.0,12.0,1.3972747882037124
20.0,13.0,1.3042182687694313
20.0,14.0,1.22465051194371
20.0,15.0,1.1548372165430214
20.0,16.0,1.0934206766596803
20.0,17.0,1.0379461637280292
20.0,18.0,0.9869529576464044
20.0,19.0,0.9391705433513922
20.0,20.0,0.8949430420262487
20.0,21.0,0.8536285413928049
20.0,22.0,0.8151559319803088
20.0,23.0,0.7803214602997377
20.0,24.0,0.7484652157970224
20.0,25.0,0.7190587715182231
21.0,1.0,13.176286164410401
21.0,2.0,7.21524058669735
21.0,3.0,4.904251343244779
21.0,4.0,3.7273224280115524
21.0,5.0,3.025532556980119
21.0,6.0,2.5640441078645626
21.0,7.0,2.2263574415610794
21.0,8.0,1.964764909909146
21.0,9.0,1.7503417983990692
21.0,10.0,1.570349351340619
21.0,11.0,1.4190841558009062
21.0,12.0,1.2915415251095155
21.0,13.0,1.1826658562948253
21.0,14.0,1.0903579693014587
21.0,15.0,1.009887034845617
21.0,16.0,0.9382018040413103
21.0,17.0,0.8734753861635216
21.0,18.0,0.8160628682473945
21.0,19.0,0.7650786710281814
21.0,20.0,0.7190372701993724
21.0,21.0,0.6771283529255756
21.0,22.0,0.6382758473887709
21.0,23.0,0.6036395372335166
21.0,24.0,0.5728835448505523
21.0,25.0,0.5442606327134332
22.0,1.0,10.68218037534955
22.0,2.0,5.673778045815318
22.0,3.0,3.7421336752677394
22.0,4.0,2.7892006927929103
22.0,5.0,2.2421525262484447
22.0,6.0,1.8889010702573845
22.0,7.0,1.6415698482791914
22.0,8.0,1.4561546173925386
22.0,9.0,1.310309095260882
22.0,10.0,1.193536630256605
22.0,11.0,1.0973563601965068
22.0,12.0,1.014781200954463
22.0,13.0,0.9428917802471553
22.0,14.0,0.8790567184632154
22.0,15.0,0.8211007944055471
22.0,16.0,0.7697157311097085
22.0,17.0,0.7248843940248317
22.0,18.0,0.6844610702066438
22.0,19.0,0.6495266613302126
22.0,20.0,0.6177197277248148
22.0,21.0,0.5881490927817357
22.0,22.0,0.5604008667924232
22.0,23.0,0.5341615695595143
22.0,24.0,0.5092084761692188
22.0,25.0,0.48583605880657466
23.0,1.0,11.080898573564264
23.0,2.0,6.496705131236256
23.0,3.0,4.5022083395266765
23.0,4.0,3.4234416252826527
23.0,5.0,2.7396041978305554
23.0,6.0,2.277986524330183
23.0,7.0,1.938305841179405
23.0,8.0,1.6797322717297014
23.0,9.0,1.4818489216833592
23.0,10.0,1.3270848456240003
23.0,11.0,1.2008191942194433
23.0,12.0,1.0945709500679417
23.0,13.0,1.0038603454502182
23.0,14.0,0.9246658861535781
23.0,15.0,0.8556856667165462
23.0,16.0,0.794690623996531
23.0,17.0,0.7403228443426331
23.0,18.0,0.6915197208116384
23.0,19.0,0.6468673168753103
23.0,20.0,0.6062332117671847
23.0,21.0,0.5701580639885613
23.0,22.0,0.537524272145478
23.0,23.0,0.5073109935911138
23.0,24.0,0.4790603936860389
23.0,25.0,0.4527289476284615
24.0,1.0,9.870216190256421
24.0,2.0,5.266040726078901
24.0,3.0,3.5091380434505224
24.0,4.0,2.6455355595564294
24.0,5.0,2.1500204169594452
24.0,6.0,1.8320283542842546
24.0,7.0,1.604194314357895
24.0,8.0,1.4317130372978708
24.0,9.0,1.2938775001460225
24.0,10.0,1.1791321977889249
24.0,11.0,1.0794211730240013
24.0,12.0,0.9923136340506851
24.0,13.0,0.9175719360688586
24.0,14.0,0.8518753071019018
24.0,15.0,0.7941377673877499
24.0,16.0,0.7440387269759787
24.0,17.0,0.6985118873503469
24.0,18.0,0.6566550979635268
24.0,19.0,0.6176706003217891
24.0,20.0,0.5809308862825224
24.0,21.0,0.5463339543481149
24.0,22.0,0.5137614458394912
24.0,23.0,0.4832838446022256
24.0,24.0,0.4548467521981321
24.0,25.0,0.4283819139084164
25.0,1.0,12.164770667288357
25.0,2.0,6.725866849457203
25.0,3.0,4.5570936486646545
25.0,4.0,3.4762812464614896
25.0,5.0,2.841521867754322
25.0,6.0,2.4206671902313754
25.0,7.0,2.116911264907529
25.0,8.0,1.8800489546017172
25.0,9.0,1.6896216192350186
25.0,10.0,1.5311235354809147
25.0,11.0,1.3946755877431816
25.0,12.0,1.2783780094731574
25.0,13.0,1.1781922596166652
25.0,14.0,1.089833751850131
25.0,15.0,1.012508906788411
25.0,16.0,0.9448347845133309
25.0,17.0,0.8841050895809062
25.0,18.0,0.8289453591464104
25.0,19.0,0.778358035749509
25.0,20.0,0.733371305066191
25.0,21.0,0.6928234181197812
25.0,22.0,0.6556750058873515
25.0,23.0,0.62135684234695
25.0,24.0,0.5896161827641109
25.0,25.0,0.5599546916318605
26.0,1.0,9.716058655330869
26.0,2.0,5.478625545339515
26.0,3.0,3.8315079694264114
26.0,4.0,2.9651199529805545
26.0,5.0,2.4464387871771898
26.0,6.0,2.0961135709099237
26.0,7.0,1.8396825980534377
26.0,8.0,1.6412230169266753
26.0,9.0,1.4776548353552101
26.0,10.0,1.3414555418771998
26.0,11.0,1.2282730572379847
26.0,12.0,1.1290238645969053
26.0,13.0,1.040962960204486
26.0,14.0,0.9622889422497432
26.0,15.0,0.8918944353911717
26.0,16.0,0.8297234038655494
26.0,17.0,0.774682128965912
26.0,18.0,0.725172385840045
26.0,19.0,0.6799968053873222
26.0,20.0,0.6382053689276699
26.0,21.0,0.5999861136167537
26.0,22.0,0.5651094829622831
26.0,23.0,0.5329266345740367
26.0,24.0,0.5030335891223343
26.0,25.0,0.4752367350504043
27.0,1.0,6.284390947148401
27.0,2.0,3.445263756388394
27.0,3.0,2.403450236829887
27.0,4.0,1.8877169812763088
27.0,5.0,1.5767493727453794
27.0,6.0,1.3630962964087208
27.0,7.0,1.2016617512184609
27.0,8.0,1.0755771897443043
27.0,9.0,0.9760352684512301
27.0,10.0,0.8914368732349964
27.0,11.0,0.8197187515462336
27.0,12.0,0.7566767401028982
27.0,13.0,0.7000030069900718
27.0,14.0,0.6484589447162468
27.0,15.0,0.6022614247451696
27.0,16.0,0.5605307228780414
27.0,17.0,0.5220748989724799
27.0,18.0,0.48611688146298215
27.0,19.0,0.45313586785742777
27.0,20.0,0.4227611670016862
27.0,21.0,0.3954785078061964
27.0,22.0,0.3704272175114407
27.0,23.0,0.3477487761027511
27.0,24.0,0.32690231057517183
27.0,25.0,0.30750117230849705
28.0,1.0,7.982248812411242
28.0,2.0,4.529234112241231
28.0,3.0,3.3046954196576186
28.0,4.0,2.6566270445202713
28.0,5.0,2.23815245058603
28.0,6.0,1.9511792441101248
28.0,7.0,1.7372345785443466
28.0,8.0,1.5662628664855092
28.0,9.0,1.424988682861641
28.0,10.0,1.3061183787348023
28.0,11.0,1.2053388366520776
28.0,12.0,1.118761075324751
28.0,13.0,1.0433584443724238
28.0,14.0,0.9762592294495489
28.0,15.0,0.9155628830084952
28.0,16.0,0.860353428466758
28.0,17.0,0.8097797570130476
28.0,18.0,0.7635201711376416
28.0,19.0,0.7208581885885019
28.0,20.0,0.6811449597247003
28.0,21.0,0.6445200319860342
28.0,22.0,0.6105207951707587
28.0,23.0,0.5786821492348437
28.0,24.0,0.5487612875790537
28.0,25.0,0.5208133011528746
29.0,1.0,8.782328142659344
29.0,2.0,4.894672775385473
29.0,3.0,3.311863454399841
29.0,4.0,2.5068170028438352
29.0,5.0,2.0344869688228773
29.0,6.0,1.7181494934932973
29.0,7.0,1.490667592072512
29.0,8.0,1.317922232231341
29.0,9.0,1.1810988767618182
29.0,10.0,1.0695872325031637
29.0,11.0,0.9750371185387925
29.0,12.0,0.8935983905650327
29.0,13.0,0.8231287377791086
29.0,14.0,0.7607341107632113
29.0,15.0,0.7049291175186232
29.0,16.0,0.6558922164345189
29.0,17.0,0.6113224685007985
29.0,18.0,0.5707189633737162
29.0,19.0,0.5341113400957926
29.0,20.0,0.5002043113988108
29.0,21.0,0.46830209286489755
29.0,22.0,0.4382732136888263
29.0,23.0,0.41017214003437275
29.0,24.0,0.3838191842266072
29.0,25.0,0.35949091698112756
30.0,1.0,14.355554358861669
30.0,2.0,8.007449039598141
30.0,3.0,5.393045589474058
30.0,4.0,4.060926821817949
30.0,5.0,3.2860823883684898
30.0,6.0,2.776941236520905
30.0,7.0,2.416608021759446
30.0,8.0,2.1469530003181294
30.0,9.0,1.9306905137770016
30.0,10.0,1.750825194441175
30.0,11.0,1.6017364904426294
30.0,12.0,1.4743950083948505
30.0,13.0,1.3642776944903963
30.0,14.0,1.2678747875813823
30.0,15.0,1.1816979383079538
30.0,16.0,1.1028883466946588
30.0,17.0,1.0303010229688567
30.0,18.0,0.9647090238537617
30.0,19.0,0.9049018579972614
30.0,20.0,0.8504487940960086
30.0,21.0,0.8001783407213017
30.0,22.0,0.75369078497366
30.0,23.0,0.7110404286717147
30.0,24.0,0.6721000341039023
30.0,25.0,0.6363308897199289
31.0,1.0,9.259121356702273
31.0,2.0,5.33201614109508
31.0,3.0,3.783860248678021
31.0,4.0,2.9883464975965275
31.0,5.0,2.501718631255061
31.0,6.0,2.17149001215779
31.0,7.0,1.9288360270230713
31.0,8.0,1.736082045602795
31.0,9.0,1.5779120348397644
31.0,10.0,1.444130587286642
31.0,11.0,1.3318344518908907
31.0,12.0,1.2319632449941773
31.0,13.0,1.1432278557921283
31.0,14.0,1.0635551092984192
31.0,15.0,0.9906478529878155
31.0,16.0,0.9231982122727338
31.0,17.0,0.8623611730369873
31.0,18.0,0.8074600482498022
31.0,19.0,0.7575338218123209
31.0,20.0,0.7110685739951981
31.0,21.0,0.6674980062694447
31.0,22.0,0.6266961277113587
31.0,23.0,0.5885181041526639
31.0,24.0,0.5529124640575027
31.0,25.0,0.5195325947179397
32.0,1.0,15.60007519859424
32.0,2.0,8.76307908728927
32.0,3.0,5.883842108701579
32.0,4.0,4.353146426083153
32.0,5.0,3.444379828272055
32.0,6.0,2.849680202974737
32.0,7.0,2.4399443846593662
32.0,8.0,2.141350391527352
32.0,9.0,1.909653313264057
32.0,10.0,1.7234709510028718
32.0,11.0,1.5698370987895647
32.0,12.0,1.442293007871573
32.0,13.0,1.3328432713293363
32.0,14.0,1.2366820102598464
32.0,15.0,1.1511925909362155
32.0,16.0,1.074520678124438
32.0,17.0,1.0052049595414303
32.0,18.0,0.9435805039901073
32.0,19.0,0.8875808433734171
32.0,20.0,0.8361090504819986
32.0,21.0,0.7882328579489775
32.0,22.0,0.7430151033572647
32.0,23.0,0.7011353803491103
32.0,24.0,0.662149153276264
32.0,25.0,0.6255912714807401
33.0,1.0,13.355159867289641
33.0,2.0,7.415684350169483
33.0,3.0,5.077169600374376
33.0,4.0,3.862631261086049
33.0,5.0,3.1266260201978646
33.0,6.0,2.631947661247972
33.0,7.0,2.2744211500083136
33.0,8.0,2.0013151716009663
33.0,9.0,1.7874543929435855
33.0,10.0,1.6155863901708098
33.0,11.0,1.4734179224001238
33.0,12.0,1.3530213054221285
33.0,13.0,1.2487540750738901
33.0,14.0,1.1590706279487648
33.0,15.0,1.0798694729205733
33.0,16.0,1.0083542790270883
33.0,17.0,0.9435375459176774
33.0,18.0,0.8837964278583028
33.0,19.0,0.829288771623764
33.0,20.0,0.7796864393806002
33.0,21.0,0.733922702027396
33.0,22.0,0.6914073725949645
33.0,23.0,0.651665212996468
33.0,24.0,0.6145707021979421
33.0,25.0,0.580184156550879
34.0,1.0,10.588939284588601
34.0,2.0,6.215902767818313
34.0,3.0,4.268261727539346
34.0,4.0,3.230711503672942
34.0,5.0,2.6134391878808154
34.0,6.0,2.2026279328441687
34.0,7.0,1.9066421904271058
34.0,8.0,1.685023591365355
34.0,9.0,1.5073301811714925
34.0,10.0,1.3599693412945966
34.0,11.0,1.2346522485625622
34.0,12.0,1.1258605686261447
34.0,13.0,1.0314916085008523
34.0,14.0,0.9493266534308873
34.0,15.0,0.8759978983212928
34.0,16.0,0.8106488816657125
34.0,17.0,0.7520281212653668
34.0,18.0,0.699073398400988
34.0,19.0,0.65107139481466
34.0,20.0,0.6074568970627201
34.0,21.0,0.5676580142177112
34.0,22.0,0.5311282131747275
34.0,23.0,0.497729205381475
34.0,24.0,0.466469179440014
34.0,25.0,0.4372098615755293
35.0,1.0,10.42888771688972
35.0,2.0,5.6231089274958865
35.0,3.0,3.68066607799914
35.0,4.0,2.6810506456861223
35.0,5.0,2.1145897635617823
35.0,6.0,1.7516717349042903
35.0,7.0,1.49350217882602
35.0,8.0,1.3022128311222527
35.0,9.0,1.153186845929124
35.0,10.0,1.0324330822226617
35.0,11.0,0.9336160787011787
35.0,12.0,0.8505333374085158
35.0,13.0,0.7784358629627803
35.0,14.0,0.7177126594332375
35.0,15.0,0.6641052217122061
35.0,16.0,0.6174592205165181
35.0,17.0,0.5759278789987547
35.0,18.0,0.5391568315119688
35.0,19.0,0.5058611730811435
35.0,20.0,0.4760794622552389
35.0,21.0,0.4492528493971246
35.0,22.0,0.4246843864589387
35.0,23.0,0.4018724774623976
35.0,24.0,0.380936617428822
35.0,25.0,0.3615684130664194
36.0,1.0,9.19947663073918
36.0,2.0,4.940661666254524
36.0,3.0,3.319697900895614
36.0,4.0,2.5158507681448903
36.0,5.0,2.0449600776765724
36.0,6.0,1.7439909224069137
36.0,7.0,1.5340256098537894
36.0,8.0,1.375847981462802
36.0,9.0,1.252023298964855
36.0,10.0,1.1509914021176835
36.0,11.0,1.0668846043730884
36.0,12.0,0.9939113880262038
36.0,13.0,0.9293979268844925
36.0,14.0,0.8710140785624798
36.0,15.0,0.8173030070276681
36.0,16.0,0.7676957912660445
36.0,17.0,0.7217354657851551
36.0,18.0,0.679026675458636
36.0,19.0,0.6407347822576455
36.0,20.0,0.6054209861539519
36.0,21.0,0.5723791556194273
36.0,22.0,0.5416632459305823
36.0,23.0,0.5132083602746222
36.0,24.0,0.48653214757924346
36.0,25.0,0.46178671410205485
37.0,1.0,11.79648343809205
37.0,2.0,6.483931245235187
37.0,3.0,4.447751410517446
37.0,4.0,3.383542246648723
37.0,5.0,2.7296531214570585
37.0,6.0,2.2924941273667976
37.0,7.0,1.9856608652233572
37.0,8.0,1.7563691152972822
37.0,9.0,1.5771200038148523
37.0,10.0,1.4312450157416121
37.0,11.0,1.3109785092339168
37.0,12.0,1.2073375448303985
37.0,13.0,1.1160352471214283
37.0,14.0,1.0368094301041957
37.0,15.0,0.9654095273686432
37.0,16.0,0.901138850748537
37.0,17.0,0.8440022885386398
37.0,18.0,0.7922187098693234
37.0,19.0,0.744387171976939
37.0,20.0,0.7003430501069525
37.0,21.0,0.6598569515738877
37.0,22.0,0.6221738707185347
37.0,23.0,0.586807406952488
37.0,24.0,0.5533219061598036
37.0,25.0,0.5218173258684891
38.0,1.0,11.392677387274944
38.0,2.0,6.296759677820261
38.0,3.0,4.2553084934947085
38.0,4.0,3.198509025657814
38.0,5.0,2.5652002845248427
38.0,6.0,2.1360031519168627
38.0,7.0,1.8201439979915763
38.0,8.0,1.580761335446561
38.0,9.0,1.3961484384496012
38.0,10.0,1.25017772101572
38.0,11.0,1.1284261909370947
38.0,12.0,1.0246398089305844
38.0,13.0,0.9355206834571064
38.0,14.0,0.8565733645573328
38.0,15.0,0.7853816893003502
38.0,16.0,0.7226837430768409
38.0,17.0,0.6674032511901391
38.0,18.0,0.6175822041086256
38.0,19.0,0.5716621441701379
38.0,20.0,0.5295544974526791
38.0,21.0,0.49055166049145527
38.0,22.0,0.4546130060036244
38.0,23.0,0.4229381377660193
38.0,24.0,0.39459906061436456
38.0,25.0,0.3690244846817352
39.0,1.0,9.060846970652594
39.0,2.0,5.099832758399286
39.0,3.0,3.5718661629055077
39.0,4.0,2.791599513769718
39.0,5.0,2.3233789471502257
39.0,6.0,2.0074038212570926
39.0,7.0,1.7804171229493964
39.0,8.0,1.6030070457041763
39.0,9.0,1.4554955391703333
39.0,10.0,1.328390310394262
39.0,11.0,1.217397736055016
39.0,12.0,1.120208121797602
39.0,13.0,1.0342370128269947
39.0,14.0,0.9559227695962225
39.0,15.0,0.8846816796068273
39.0,16.0,0.8205733760130469
39.0,17.0,0.7621421511237507
39.0,18.0,0.7088412171475671
39.0,19.0,0.6607773781066797
39.0,20.0,0.6161629200391454
39.0,21.0,0.5753760789670661
39.0,22.0,0.5395582989910537
39.0,23.0,0.5069464578036493
39.0,24.0,0.47645944582302135
39.0,25.0,0.44804501264172636
40.0,1.0,8.426378090309628
40.0,2.0,4.639456093525176
40.0,3.0,3.191340344308184
40.0,4.0,2.465813015340512
40.0,5.0,2.0294432905314412
40.0,6.0,1.738963213118132
40.0,7.0,1.5290410552922342
40.0,8.0,1.3662965107020328
40.0,9.0,1.2368643502081715
40.0,10.0,1.1310723486603989
40.0,11.0,1.0415542025675233
40.0,12.0,0.9630674715125345
40.0,13.0,0.8931800337352609
40.0,14.0,0.8297785747122557
40.0,15.0,0.7718090396718242
40.0,16.0,0.7188375394881508
40.0,17.0,0.6702864273130587
40.0,18.0,0.6257266860176722
40.0,19.0,0.585215922521213
40.0,20.0,0.5482472424245977
40.0,21.0,0.5142105499978884
40.0,22.0,0.482767538019087
40.0,23.0,0.45397254210487503
40.0,24.0,0.4278061237001216
40.0,25.0,0.40362700929583273
41.0,1.0,12.706626367895286
41.0,2.0,7.206342091628357
41.0,3.0,5.002050289618331
41.0,4.0,3.864704398527091
41.0,5.0,3.182908145329539
41.0,6.0,2.727860350856628
41.0,7.0,2.3983375818080335
41.0,8.0,2.1489978508499084
41.0,9.0,1.95132902187608
41.0,10.0,1.7883352722611319
41.0,11.0,1.6514103430916256
41.0,12.0,1.5355894906699659
41.0,13.0,1.4347695786028671
41.0,14.0,1.345469192673261
41.0,15.0,1.2662960368470086
41.0,16.0,1.195259689521552
41.0,17.0,1.1304148893424122
41.0,18.0,1.0705829520888406
41.0,19.0,1.0147245685868231
41.0,20.0,0.9632030853836069
41.0,21.0,0.9159533206472927
41.0,22.0,0.872406214305351
41.0,23.0,0.8324569118307057
41.0,24.0,0.7949488296156639
41.0,25.0,0.7597431815783784
42.0,1.0,11.043441396873114
42.0,2.0,6.288865970265328
42.0,3.0,4.354579738789854
42.0,4.0,3.3371412889711527
42.0,5.0,2.723819447605366
42.0,6.0,2.312745384713762
42.0,7.0,2.0145302386664996
42.0,8.0,1.7885194879390296
42.0,9.0,1.6082855827417433
42.0,10.0,1.455945888751212
42.0,11.0,1.325640575762125
42.0,12.0,1.212151976853618
42.0,13.0,1.1121170597315109
42.0,14.0,1.0226507477102587
42.0,15.0,0.9418208803677439
42.0,16.0,0.8691490320405917
42.0,17.0,0.8024879313508979
42.0,18.0,0.7407426687591636
42.0,19.0,0.6847657986881606
42.0,20.0,0.633707923985317
42.0,21.0,0.5863034888796159
42.0,22.0,0.5418640884599917
42.0,23.0,0.5008900612446157
42.0,24.0,0.4624099406157738
42.0,25.0,0.4268330963801503
43.0,1.0,10.748880793903655
43.0,2.0,5.746491615467072
43.0,3.0,3.9384583607445176
43.0,4.0,3.051315677755216
43.0,5.0,2.5143735111587855
43.0,6.0,2.1358256053856017
43.0,7.0,1.8565376863345646
43.0,8.0,1.6453781908978442
43.0,9.0,1.4755947024740985
43.0,10.0,1.3330926548582678
43.0,11.0,1.2109912211852674
43.0,12.0,1.106033745406692
43.0,13.0,1.0123532064366971
43.0,14.0,0.9317902607054496
43.0,15.0,0.8629170626399985
43.0,16.0,0.8007577138323301
43.0,17.0,0.744020713149208
43.0,18.0,0.6927817849507143
43.0,19.0,0.6472750175329232
43.0,20.0,0.6059796286047288
43.0,21.0,0.5683207185103187
43.0,22.0,0.5339031593763801
43.0,23.0,0.5018953767426435
43.0,24.0,0.4724694967982854
43.0,25.0,0.44614104974555424
44.0,1.0,9.511696514820153
44.0,2.0,5.110060098339714
44.0,3.0,3.4641569241278063
44.0,4.0,2.6205261717242196
44.0,5.0,2.1293485327594297
44.0,6.0,1.8041888751760489
44.0,7.0,1.565550247730398
44.0,8.0,1.3817288110537964
44.0,9.0,1.2375670366974312
44.0,10.0,1.1195598687855082
44.0,11.0,1.018997990047323
44.0,12.0,0.9311441339445139
44.0,13.0,0.8540886654310125
44.0,14.0,0.7857689957766869
44.0,15.0,0.7251448036792585
44.0,16.0,0.6712936533536071
44.0,17.0,0.6224350941584262
44.0,18.0,0.5796555352900628
44.0,19.0,0.5426886243181803
44.0,20.0,0.5093959362868867
44.0,21.0,0.479165739935989
44.0,22.0,0.4518017325888284
44.0,23.0,0.42649323256641036
44.0,24.0,0.40304512022639116
44.0,25.0,0.3811608830690467
45.0,1.0,10.064723383604179
45.0,2.0,5.3914310515649975
45.0,3.0,3.7262157976016903
45.0,4.0,2.9079234395273454
45.0,5.0,2.420180651062952
45.0,6.0,2.0824883086298795
45.0,7.0,1.834257112088145
45.0,8.0,1.6351885638090993
45.0,9.0,1.4730631699212369
45.0,10.0,1.3384093555633827
45.0,11.0,1.2248964186268188
45.0,12.0,1.1272075132296653
45.0,13.0,1.0411636386339085
45.0,14.0,0.9656474007904947
45.0,15.0,0.898371584638797
45.0,16.0,0.8372639026375079
45.0,17.0,0.7811127715358346
45.0,18.0,0.7286447740074733
45.0,19.0,0.6794021789882665
45.0,20.0,0.6333724368530715
45.0,21.0,0.5900621404140969
45.0,22.0,0.5493641784404701
45.0,23.0,0.5120609012791704
45.0,24.0,0.47721666521296147
45.0,25.0,0.4444410691993772
46.0,1.0,7.803236478343456
46.0,2.0,4.1242495067780105
46.0,3.0,2.7773355078868107
46.0,4.0,2.1316334850904664
46.0,5.0,1.76061277076934
46.0,6.0,1.5169509052216554
46.0,7.0,1.3366406173179861
46.0,8.0,1.1974328071260283
46.0,9.0,1.0849860667578737
46.0,10.0,0.9935146668304204
46.0,11.0,0.9197812051661325
46.0,12.0,0.8572466996147234
46.0,13.0,0.8029244736782184
46.0,14.0,0.7541103096399571
46.0,15.0,0.7095324812491732
46.0,16.0,0.6695418387648715
46.0,17.0,0.6331485780282291
46.0,18.0,0.5994840537667967
46.0,19.0,0.5684546051799027
46.0,20.0,0.5396752690812452
46.0,21.0,0.5125011969221429
46.0,22.0,0.48727827525606227
46.0,23.0,0.4644320417288643
46.0,24.0,0.4431164325406183
46.0,25.0,0.4229892519420586
47.0,1.0,8.581415978999056
47.0,2.0,4.822782166771587
47.0,3.0,3.3313759377362313
47.0,4.0,2.5800766104320934
47.0,5.0,2.1129903355046515
47.0,6.0,1.785966245040223
47.0,7.0,1.544989821283437
47.0,8.0,1.3596201339390737
47.0,9.0,1.2114883477099152
47.0,10.0,1.0904915022679056
47.0,11.0,0.9886058499476178
47.0,12.0,0.9029557037441815
47.0,13.0,0.8306310445457612
47.0,14.0,0.7687574444590322
47.0,15.0,0.7145319839616899
47.0,16.0,0.6657265137310429
47.0,17.0,0.6211895824003033
47.0,18.0,0.5806069509952732
47.0,19.0,0.5436204095004484
47.0,20.0,0.5094148214011991
47.0,21.0,0.47720458046421577
47.0,22.0,0.4470799880863421
47.0,23.0,0.41910190744130915
47.0,24.0,0.3930552067496178
47.0,25.0,0.3684481889975748
48.0,1.0,10.856529367570943
48.0,2.0,6.389878081056346
48.0,3.0,4.53961699151539
48.0,4.0,3.521312830966088
48.0,5.0,2.8880542250129
48.0,6.0,2.45628960857326
48.0,7.0,2.139919171608434
48.0,8.0,1.8939284879425697
48.0,9.0,1.7035474527210566
48.0,10.0,1.5493938721093068
48.0,11.0,1.4227808870530714
48.0,12.0,1.318917170203421
48.0,13.0,1.2281595954465487
48.0,14.0,1.147732830312349
48.0,15.0,1.0755591865673662
48.0,16.0,1.0097116309351204
48.0,17.0,0.9499808878297431
48.0,18.0,0.894423983684173
48.0,19.0,0.8433322128699592
48.0,20.0,0.7964409470897502
48.0,21.0,0.7530870406299464
48.0,22.0,0.713041694143481
48.0,23.0,0.6756568673964463
48.0,24.0,0.6412844754738307
48.0,25.0,0.6089090596743025
49.0,1.0,9.7326133598508
49.0,2.0,5.343609757049984
49.0,3.0,3.6653634810035083
49.0,4.0,2.8167452977019565
49.0,5.0,2.3076170360739745
49.0,6.0,1.9608954047107368
49.0,7.0,1.7114938932854837
49.0,8.0,1.5209905353807418
49.0,9.0,1.3689272605261857
49.0,10.0,1.2420614063661208
49.0,11.0,1.133066199727307
49.0,12.0,1.0381842797211736
49.0,13.0,0.9546280899396606
49.0,14.0,0.8802983130223812
49.0,15.0,0.814725849974784
49.0,16.0,0.7558461751194843
49.0,17.0,0.7029234864084195
49.0,18.0,0.6550857580889078
49.0,19.0,0.6118392871395892
49.0,20.0,0.5719563308025171
49.0,21.0,0.5348029439826361
49.0,22.0,0.5003891072720865
49.0,23.0,0.46818037460563744
49.0,24.0,0.43903783312757927
49.0,25.0,0.41288440366839474
50.0,1.0,7.151625604530752
50.0,2.0,4.0734067060202666
50.0,3.0,2.8900195229056784
50.0,4.0,2.2629556273573215
50.0,5.0,1.8765985609837461
50.0,6.0,1.6118563095804967
50.0,7.0,1.4175460365013102
50.0,8.0,1.2666425474241674
50.0,9.0,1.144185557205148
50.0,10.0,1.0437963097395766
50.0,11.0,0.9580171296872821
50.0,12.0,0.8840966634248781
50.0,13.0,0.818327754393799
50.0,14.0,0.7600478467809122
50.0,15.0,0.7089174722515335
50.0,16.0,0.6637260732680073
50.0,17.0,0.6225165222286035
50.0,18.0,0.5856727828462773
50.0,19.0,0.5518157471462146
50.0,20.0,0.5206967596568797
50.0,21.0,0.4921539843927105
50.0,22.0,0.4656145684569024
50.0,23.0,0.44094701451701024
50.0,24.0,0.4179554269965351
50.0,25.0,0.39648052786790977
51.0,1.0,9.792901722427795
51.0,2.0,5.327799843666538
51.0,3.0,3.591359917570392
51.0,4.0,2.6933911969626614
51.0,5.0,2.1505395245247527
51.0,6.0,1.7860304785479144
51.0,7.0,1.525751554663846
51.0,8.0,1.3277687485903442
51.0,9.0,1.1794069745845999
51.0,10.0,1.0649215916990924
51.0,11.0,0.9734354982634557
51.0,12.0,0.8997017444922921
51.0,13.0,0.8382441016032205
51.0,14.0,0.7859572146534104
51.0,15.0,0.740484230775257
51.0,16.0,0.699974222802294
51.0,17.0,0.6634464746905175
51.0,18.0,0.6304961630290586
51.0,19.0,0.6011054094151254
51.0,20.0,0.5744216721163147
51.0,21.0,0.549977110200274
51.0,22.0,0.5279041537422451
51.0,23.0,0.5074878908746889
51.0,24.0,0.4885365683521803
51.0,25.0,0.4709226674061986
52.0,1.0,13.915657368923627
52.0,2.0,7.754677125429074
52.0,3.0,5.3151762372474
52.0,4.0,4.052087481721369
52.0,5.0,3.2773332357551954
52.0,6.0,2.750214613807227
52.0,7.0,2.3807100850748295
52.0,8.0,2.1011521593414226
52.0,9.0,1.8783027146555167
52.0,10.0,1.6927298177705605
52.0,11.0,1.5325489149403762
52.0,12.0,1.3938930710158495
52.0,13.0,1.270203811166585
52.0,14.0,1.1646217116930622
52.0,15.0,1.070840254637373
52.0,16.0,0.9881119817403148
52.0,17.0,0.9165159330248676
52.0,18.0,0.8542428805940965
52.0,19.0,0.7980092419283924
52.0,20.0,0.7471189753943328
52.0,21.0,0.7013630992086792
52.0,22.0,0.6598399309764664
52.0,23.0,0.6217572439837715
52.0,24.0,0.5865014461332354
52.0,25.0,0.5533820151501416
53.0,1.0,7.9773202556544085
53.0,2.0,4.5757811978969265
53.0,3.0,3.2215455042279455
53.0,4.0,2.533088328474488
53.0,5.0,2.1131350191983422
53.0,6.0,1.8281565546724092
53.0,7.0,1.618663890455963
53.0,8.0,1.4544329863927068
53.0,9.0,1.3229486469929999
53.0,10.0,1.2108431866543174
53.0,11.0,1.1133642419016132
53.0,12.0,1.030485300808854
53.0,13.0,0.9578392034345029
53.0,14.0,0.8955683578522704
53.0,15.0,0.840601175923342
53.0,16.0,0.7911573201093951
53.0,17.0,0.7456855779911535
53.0,18.0,0.7031165647285587
53.0,19.0,0.6643708785807467
53.0,20.0,0.628041291055645
53.0,21.0,0.5944515279284799
53.0,22.0,0.5630158987126102
53.0,23.0,0.5335682520140548
53.0,24.0,0.5060828307167231
53.0,25.0,0.4804112719697944
54.0,1.0,11.203811837185135
54.0,2.0,5.779613802110116
54.0,3.0,3.771553882310066
54.0,4.0,2.7968941384040455
54.0,5.0,2.2496966875773445
54.0,6.0,1.9044545357879796
54.0,7.0,1.660337722841284
54.0,8.0,1.4771497571525822
54.0,9.0,1.3350303300800226
54.0,10.0,1.2176462969755706
54.0,11.0,1.1209065490071533
54.0,12.0,1.0382292485500297
54.0,13.0,0.9655327112213676
54.0,14.0,0.8997649304001101
54.0,15.0,0.8392952364619646
54.0,16.0,0.7836659699217279
54.0,17.0,0.733389975422126
54.0,18.0,0.6885276587527258
54.0,19.0,0.6469326264540598
54.0,20.0,0.6079668053292542
54.0,21.0,0.5721555592971681
54.0,22.0,0.5393009159900926
54.0,23.0,0.5085711019725405
54.0,24.0,0.48002113076582464
54.0,25.0,0.4536179866106309
55.0,1.0,13.93975017125965
55.0,2.0,7.670820569029909
55.0,3.0,5.1702110258364025
55.0,4.0,3.84035692352892
55.0,5.0,3.059752324221493
55.0,6.0,2.5538067451177318
55.0,7.0,2.2011184648277586
55.0,8.0,1.9396948892391608
55.0,9.0,1.739666486269737
55.0,10.0,1.5767295021128165
55.0,11.0,1.4373295549253218
55.0,12.0,1.3158084312713454
55.0,13.0,1.2082463301053208
55.0,14.0,1.1127414044179416
55.0,15.0,1.0289370872542083
55.0,16.0,0.9542956328745094
55.0,17.0,0.8872197457763393
55.0,18.0,0.8272332997549618
55.0,19.0,0.7726221757285305
55.0,20.0,0.7227142009955863
55.0,21.0,0.6769465970951121
55.0,22.0,0.6347524603778174
55.0,23.0,0.5954275820620332
55.0,24.0,0.5590647746287223
55.0,25.0,0.5250975974770071
56.0,1.0,9.794674263168124
56.0,2.0,5.568095059000397
56.0,3.0,3.9324405150598984
56.0,4.0,3.0931266207941333
56.0,5.0,2.586296483603377
56.0,6.0,2.2449463093116586
56.0,7.0,1.9936305289077279
56.0,8.0,1.7991788644525757
56.0,9.0,1.6438857618171792
56.0,10.0,1.5132309024995783
56.0,11.0,1.3996243178165528
56.0,12.0,1.2983148505204518
56.0,13.0,1.2070947527867126
56.0,14.0,1.125419328771688
56.0,15.0,1.0507190338017054
56.0,16.0,0.9824554022787524
56.0,17.0,0.9192366123229894
56.0,18.0,0.8609880827783867
56.0,19.0,0.8061261047183006
56.0,20.0,0.7542077309236337
56.0,21.0,0.7059212224574676
56.0,22.0,0.6614028539282417
56.0,23.0,0.6209703398884949
56.0,24.0,0.5834318998323438
56.0,25.0,0.5484090682072686
57.0,1.0,11.354702342159277
57.0,2.0,6.26934157773888
57.0,3.0,4.370059813502413
57.0,4.0,3.4029891966015953
57.0,5.0,2.809218405574942
57.0,6.0,2.3990914444727913
57.0,7.0,2.090967366151305
57.0,8.0,1.8477332426610449
57.0,9.0,1.6514104636959281
57.0,10.0,1.48848494138762
57.0,11.0,1.3508162578614984
57.0,12.0,1.2337499427790029
57.0,13.0,1.1331624392959103
57.0,14.0,1.0489962990958963
57.0,15.0,0.9752611560114399
57.0,16.0,0.9097201973978564
57.0,17.0,0.8508615782212452
57.0,18.0,0.7968119350288285
57.0,19.0,0.7479228969229368
57.0,20.0,0.7038403878593193
57.0,21.0,0.6633712758757797
57.0,22.0,0.6260670169293032
57.0,23.0,0.5911275623488566
57.0,24.0,0.5582646104018139
57.0,25.0,0.5272349654633866
58.0,1.0,6.305294861572062
58.0,2.0,3.699598413282608
58.0,3.0,2.6345628906352863
58.0,4.0,2.060376726427924
58.0,5.0,1.692448393550685
58.0,6.0,1.435968836828983
58.0,7.0,1.2479575834366257
58.0,8.0,1.1020020698334214
58.0,9.0,0.9875015839032164
58.0,10.0,0.8946902623913253
58.0,11.0,0.8165593591612534
58.0,12.0,0.7494007048279805
58.0,13.0,0.6903500443989277
58.0,14.0,0.6382215194320233
58.0,15.0,0.5924566854511673
58.0,16.0,0.5513862911942118
58.0,17.0,0.5149537307432768
58.0,18.0,0.4818007640807771
58.0,19.0,0.45148522306543004
58.0,20.0,0.4236939133990951
58.0,21.0,0.3979405802664182
58.0,22.0,0.37394960344331096
58.0,23.0,0.3516306360604764
58.0,24.0,0.33090211595939767
58.0,25.0,0.3118115945866631
59.0,1.0,20.007310018041778
59.0,2.0,9.980568736602358
59.0,3.0,6.378662639134562
59.0,4.0,4.721169993432881
59.0,5.0,3.795290767831826
59.0,6.0,3.2085068885269425
59.0,7.0,2.8088041789960876
59.0,8.0,2.5185874907023784
59.0,9.0,2.292635282757768
59.0,10.0,2.108758001710381
59.0,11.0,1.953730353152741
59.0,12.0,1.8203634251911254
59.0,13.0,1.7019614751831913
59.0,14.0,1.5948357255960062
59.0,15.0,1.497483435689647
59.0,16.0,1.408962901801381
59.0,17.0,1.3268427344359335
59.0,18.0,1.250439806947762
59.0,19.0,1.1798235998966096
59.0,20.0,1.1139252338390104
59.0,21.0,1.0525539389784342
59.0,22.0,0.995094909015771
59.0,23.0,0.9423432511486354
59.0,24.0,0.8938630927602063
59.0,25.0,0.8486998543567061
60.0,1.0,8.610640283885122
60.0,2.0,4.615757986322679
60.0,3.0,3.1852391974217387
60.0,4.0,2.4654587573619544
60.0,5.0,2.031474378068822
60.0,6.0,1.7353755678195473
60.0,7.0,1.5130951153728418
60.0,8.0,1.3359151394546975
60.0,9.0,1.1952099131996894
60.0,10.0,1.0842137576909785
60.0,11.0,0.9941173763056881
60.0,12.0,0.9176482141674338
60.0,13.0,0.8517464341081782
60.0,14.0,0.7935481175491468
60.0,15.0,0.7411360190269614
60.0,16.0,0.6941734605882113
60.0,17.0,0.6526301307131117
60.0,18.0,0.6148200596992321
60.0,19.0,0.5808814104806634
60.0,20.0,0.5503417455450572
60.0,21.0,0.5222092610720672
60.0,22.0,0.4961897494959526
60.0,23.0,0.47226501188279
60.0,24.0,0.4499881132828465
60.0,25.0,0.42937878901076054
61.0,1.0,14.56119155165038
61.0,2.0,8.078674835597877
61.0,3.0,5.446240838465304
61.0,4.0,4.081003281108645
61.0,5.0,3.277835818055177
61.0,6.0,2.7691523443006716
61.0,7.0,2.4111298352254273
61.0,8.0,2.1518571278236536
61.0,9.0,1.9525790568618877
61.0,10.0,1.7912977503550493
61.0,11.0,1.6557253052621608
61.0,12.0,1.5393253302829066
61.0,13.0,1.4373304901303854
61.0,14.0,1.3463234039820406
61.0,15.0,1.2639953121208851
61.0,16.0,1.1893509286441883
61.0,17.0,1.1212619632975356
61.0,18.0,1.0583824687600343
61.0,19.0,1.0009107147086738
61.0,20.0,0.9483199318951785
61.0,21.0,0.8996112198121216
61.0,22.0,0.853831575682193
61.0,23.0,0.8102776622536423
61.0,24.0,0.768999266166511
61.0,25.0,0.730075292536549
62.0,1.0,8.264368828994906
62.0,2.0,4.935103910993687
62.0,3.0,3.5617715024343735
62.0,4.0,2.8309143739515
62.0,5.0,2.3764888305537966
62.0,6.0,2.0670935029938624
62.0,7.0,1.8346601251452297
62.0,8.0,1.6479474076026532
62.0,9.0,1.4961660206413203
62.0,10.0,1.365646708948871
62.0,11.0,1.2514728016427288
62.0,12.0,1.1542081525194936
62.0,13.0,1.0679009296860222
62.0,14.0,0.9914056911207929
62.0,15.0,0.9232578908071432
62.0,16.0,0.8608460816836114
62.0,17.0,0.802975168064453
62.0,18.0,0.749190764608958
62.0,19.0,0.6993060515995762
62.0,20.0,0.6528373414820301
62.0,21.0,0.6093837723944624
62.0,22.0,0.5690271352486329
62.0,23.0,0.5310832788601223
62.0,24.0,0.49501611109385824
62.0,25.0,0.4610838262390393
63.0,1.0,7.47359679460831
63.0,2.0,4.2876150101327095
63.0,3.0,2.975113835422599
63.0,4.0,2.2750296379145603
63.0,5.0,1.8401453592772183
63.0,6.0,1.5363573793990088
63.0,7.0,1.3125981380889762
63.0,8.0,1.139638639188961
63.0,9.0,1.0034031989136354
63.0,10.0,0.8954948207867401
63.0,11.0,0.8072141369254187
63.0,12.0,0.7322708253052816
63.0,13.0,0.6668342391290318
63.0,14.0,0.608665549752887
63.0,15.0,0.5577758328424709
63.0,16.0,0.5127718980537388
63.0,17.0,0.4727214424137287
63.0,18.0,0.4371392390991389
63.0,19.0,0.40508411121242727
63.0,20.0,0.3763717566664013
63.0,21.0,0.35034511933247536
63.0,22.0,0.3266644380328607
63.0,23.0,0.3053803736178011
63.0,24.0,0.2860540959518598
63.0,25.0,0.2684367545268431
64.0,1.0,13.394676644395506
64.0,2.0,7.2828164968246085
64.0,3.0,4.942542094964113
64.0,4.0,3.7447440084941785
64.0,5.0,3.02331105119476
64.0,6.0,2.5410453764188112
64.0,7.0,2.203602351748698
64.0,8.0,1.9431846672389916
64.0,9.0,1.7349289830472445
64.0,10.0,1.5630856518033607
64.0,11.0,1.4205149931928283
64.0,12.0,1.2988719762078826
64.0,13.0,1.1933129254506767
64.0,14.0,1.0999609073122514
64.0,15.0,1.0153462539431315
64.0,16.0,0.9387691272936918
64.0,17.0,0.870160475323277
64.0,18.0,0.8087383474589709
64.0,19.0,0.7532172604491176
64.0,20.0,0.701630233638638
64.0,21.0,0.6538044318258418
64.0,22.0,0.6095993459130904
64.0,23.0,0.5683219886560122
64.0,24.0,0.5302008649230299
64.0,25.0,0.49456546006538904
65.0,1.0,9.381283620989176
65.0,2.0,5.107105194728764
65.0,3.0,3.46308569346683
65.0,4.0,2.6289628638050946
65.0,5.0,2.1244087337164226
65.0,6.0,1.7914527997093028
65.0,7.0,1.5530391894118907
65.0,8.0,1.3752205538564697
65.0,9.0,1.2349289791091964
65.0,10.0,1.120779681995904
65.0,11.0,1.024587897027783
65.0,12.0,0.942333583344718
65.0,13.0,0.8719629666038609
65.0,14.0,0.8101133710010293
65.0,15.0,0.7564219564215593
65.0,16.0,0.7089461735182709
65.0,17.0,0.6670332274210775
65.0,18.0,0.6289543863225653
65.0,19.0,0.5947145424934996
65.0,20.0,0.564179572825382
65.0,21.0,0.5363371601469389
65.0,22.0,0.5104626271323935
65.0,23.0,0.486259578079939
65.0,24.0,0.463253826760214
65.0,25.0,0.44186805639299465
66.0,1.0,7.5557105664740964
66.0,2.0,4.40701983482461
66.0,3.0,3.1324066730919355
66.0,4.0,2.451281817082436
66.0,5.0,2.0189811298512073
66.0,6.0,1.712588395401034
66.0,7.0,1.4831417276841607
66.0,8.0,1.3057895541390705
66.0,9.0,1.164763726071869
66.0,10.0,1.0501454348067556
66.0,11.0,0.9529953172865513
66.0,12.0,0.8720704232326266
66.0,13.0,0.804383650209326
66.0,14.0,0.7466173058953638
66.0,15.0,0.6966959935153154
66.0,16.0,0.652296854423482
66.0,17.0,0.6122504655926742
66.0,18.0,0.5754854592096121
66.0,19.0,0.5416716754390567
66.0,20.0,0.5102962647113829
66.0,21.0,0.4811415325328614
66.0,22.0,0.453679645019621
66.0,23.0,0.42761246823739807
66.0,24.0,0.40324556425465286
66.0,25.0,0.38108114528817794
67.0,1.0,11.394655048267817
67.0,2.0,6.425967193142084
67.0,3.0,4.500464976448351
67.0,4.0,3.5235458255427723
67.0,5.0,2.9248462721514645
67.0,6.0,2.514615687213043
67.0,7.0,2.2152402632347226
67.0,8.0,1.9816372124877049
67.0,9.0,1.7924058192281507
67.0,10.0,1.636800178097248
67.0,11.0,1.5046978637508381
67.0,12.0,1.3885198678576565
67.0,13.0,1.284651671134247
67.0,14.0,1.192309621716471
67.0,15.0,1.1095578780489133
67.0,16.0,1.0362536475966957
67.0,17.0,0.9726227416474824
67.0,18.0,0.9154339375812848
67.0,19.0,0.86436939166461
67.0,20.0,0.818397403622809
67.0,21.0,0.7763893505674435
67.0,22.0,0.737160697664371
67.0,23.0,0.7008269823878717
67.0,24.0,0.6672755241564969
67.0,25.0,0.6359337754184748
68.0,1.0,10.870247122791934
68.0,2.0,6.076777880176878
68.0,3.0,4.269029819838571
68.0,4.0,3.340579279856363
68.0,5.0,2.77481929056042
68.0,6.0,2.3901610292810185
68.0,7.0,2.1086592494760614
68.0,8.0,1.8924955227302132
68.0,9.0,1.7197056501293897
68.0,10.0,1.5765630672432076
68.0,11.0,1.4518440191330066
68.0,12.0,1.3402576636475576
68.0,13.0,1.241514457214718
68.0,14.0,1.154010729500449
68.0,15.0,1.0748538872180209
68.0,16.0,1.0031841181907462
68.0,17.0,0.9372886311162976
68.0,18.0,0.8769230596969857
68.0,19.0,0.8220038210039498
68.0,20.0,0.7720089935824808
68.0,21.0,0.7262595338980002
68.0,22.0,0.6844994986873036
68.0,23.0,0.646387853024045
68.0,24.0,0.6111274465115315
68.0,25.0,0.5783484607823537
69.0,1.0,10.778724144326482
69.0,2.0,6.515560276527519
69.0,3.0,4.534405912690233
69.0,4.0,3.405488291940075
69.0,5.0,2.6960576411103094
69.0,6.0,2.2185965793129805
69.0,7.0,1.8779457667104547
69.0,8.0,1.6267812702470064
69.0,9.0,1.4343230694988796
69.0,10.0,1.2798961152001205
69.0,11.0,1.1510227988785227
69.0,12.0,1.0409866752195454
69.0,13.0,0.9467436562597591
69.0,14.0,0.8635844570349107
69.0,15.0,0.7897864665177314
69.0,16.0,0.725503640791497
69.0,17.0,0.6686946836799841
69.0,18.0,0.618313544747215
69.0,19.0,0.5732493561703365
69.0,20.0,0.5325860941007088
69.0,21.0,0.49559891746893125
69.0,22.0,0.4615375616069999
69.0,23.0,0.43011998069428525
69.0,24.0,0.40107039704557845
69.0,25.0,0.37419753542052625
70.0,1.0,13.620778443613986
70.0,2.0,7.025309837490341
70.0,3.0,4.584151971179094
70.0,4.0,3.3843034667981238
70.0,5.0,2.6876731939313574
70.0,6.0,2.236361125120532
70.0,7.0,1.9231725270501405
70.0,8.0,1.687603930195107
70.0,9.0,1.5061330909469977
70.0,10.0,1.363606421765641
70.0,11.0,1.246724960868364
70.0,12.0,1.1480917964481563
70.0,13.0,1.0618561846195123
70.0,14.0,0.9845077899146162
70.0,15.0,0.9147154199762495
70.0,16.0,0.8514751593809775
70.0,17.0,0.793210120366143
70.0,18.0,0.7394538822966936
70.0,19.0,0.6896774259314622
70.0,20.0,0.643532163239307
70.0,21.0,0.6004576305132927
70.0,22.0,0.5608523002922157
70.0,23.0,0.5253087045273643
70.0,24.0,0.49264431815103205
70.0,25.0,0.4627917011999232
71.0,1.0,14.128729524869557
71.0,2.0,7.864820326768337
71.0,3.0,5.150374135674001
71.0,4.0,3.7660866268458406
71.0,5.0,2.9890546151066975
71.0,6.0,2.5026610954661983
71.0,7.0,2.170940944426391
71.0,8.0,1.9306659855379564
71.0,9.0,1.7482491756601402
71.0,10.0,1.603063583313869
71.0,11.0,1.4811020645158184
71.0,12.0,1.3785131600785139
71.0,13.0,1.288825146606051
71.0,14.0,1.2103579939415212
71.0,15.0,1.1398409366879587
71.0,16.0,1.0757936295287784
71.0,17.0,1.0168683667543599
71.0,18.0,0.9623207842979724
71.0,19.0,0.9116860909922551
71.0,20.0,0.8652720833546708
71.0,21.0,0.8219483712017821
71.0,22.0,0.780897241879698
71.0,23.0,0.7427351684351846
71.0,24.0,0.7071750265275751
71.0,25.0,0.6741354855194484
72.0,1.0,10.873530037565779
72.0,2.0,5.915190196242301
72.0,3.0,4.008921404303167
72.0,4.0,3.0659915768374253
72.0,5.0,2.512676536176447
72.0,6.0,2.1515102394067425
72.0,7.0,1.8930685887975054
72.0,8.0,1.6931184416623788
72.0,9.0,1.5306670436438576
72.0,10.0,1.3971703889508325
72.0,11.0,1.2855253856238438
72.0,12.0,1.1898923615498482
72.0,13.0,1.1053833334493763
72.0,14.0,1.0294527894322236
72.0,15.0,0.9610828359039019
72.0,16.0,0.8999138935970956
72.0,17.0,0.8446528906049524
72.0,18.0,0.7935572847286059
72.0,19.0,0.7466163356662658
72.0,20.0,0.703955127156572
72.0,21.0,0.6642111393604964
72.0,22.0,0.6269296755949592
72.0,23.0,0.5920341492106767
72.0,24.0,0.5597301332952922
72.0,25.0,0.5302580008167439
73.0,1.0,8.647970756695708
73.0,2.0,4.834484571169552
73.0,3.0,3.4131638663369905
73.0,4.0,2.684311240190894
73.0,5.0,2.2322037357535622
73.0,6.0,1.9207220403406255
73.0,7.0,1.6898929177517736
73.0,8.0,1.5116116620741167
73.0,9.0,1.3703583966111808
73.0,10.0,1.253975324460864
73.0,11.0,1.155381501573336
73.0,12.0,1.0698138676260776
73.0,13.0,0.9935482886947051
73.0,14.0,0.9258861755396754
73.0,15.0,0.864695437482939
73.0,16.0,0.8082093260885763
73.0,17.0,0.7564789719076481
73.0,18.0,0.7097627898164909
73.0,19.0,0.6665569653221848
73.0,20.0,0.6261510265873333
73.0,21.0,0.5879793475605535
73.0,22.0,0.5526733441473484
73.0,23.0,0.5199104930748746
73.0,24.0,0.4891306347566351
73.0,25.0,0.4602293775115749
74.0,1.0,9.346872462551872
74.0,2.0,5.453265274390844
74.0,3.0,3.8393084931582493
74.0,4.0,2.984642189895286
74.0,5.0,2.457913833432804
74.0,6.0,2.10833132998893
74.0,7.0,1.8524989688748779
74.0,8.0,1.654811489882226
74.0,9.0,1.4949952831773317
74.0,10.0,1.3613510315607567
74.0,11.0,1.2478484480320384
74.0,12.0,1.1504100205519254
74.0,13.0,1.0649964486344334
74.0,14.0,0.9880104755379886
74.0,15.0,0.9177107718265409
74.0,16.0,0.852697277903645
74.0,17.0,0.7931541541439913
74.0,18.0,0.7399682781963381
74.0,19.0,0.6920122823672399
74.0,20.0,0.6485471758804691
74.0,21.0,0.6086295370260473
74.0,22.0,0.5722128141679512
74.0,23.0,0.5387450499442705
74.0,24.0,0.5077295993816282
74.0,25.0,0.47932670927244914
75.0,1.0,6.017182849040955
75.0,2.0,3.613142602662709
75.0,3.0,2.6304767932393016
75.0,4.0,2.073680743721451
75.0,5.0,1.7058052558608114
75.0,6.0,1.44517316066508
75.0,7.0,1.2442423209206233
75.0,8.0,1.0823359323423203
75.0,9.0,0.9505654767189728
75.0,10.0,0.8436188124185051
75.0,11.0,0.7535718383098278
75.0,12.0,0.6775119779803251
75.0,13.0,0.6118687471284341
75.0,14.0,0.5553184553737758
75.0,15.0,0.506837189671451
75.0,16.0,0.46371493250901175
75.0,17.0,0.4249971745321668
75.0,18.0,0.3904021146343126
75.0,19.0,0.3595642155952046
75.0,20.0,0.3317921750722359
75.0,21.0,0.30751582967114643
75.0,22.0,0.2858091086743606
75.0,23.0,0.26628952200635325
75.0,24.0,0.24836219007611948
75.0,25.0,0.23183813819555077
76.0,1.0,8.487895335031409
76.0,2.0,4.967531128036381
76.0,3.0,3.45580651175532
76.0,4.0,2.623616670328838
76.0,5.0,2.117620734762486
76.0,6.0,1.774757197967313
76.0,7.0,1.5211898056199464
76.0,8.0,1.3219302539800273
76.0,9.0,1.159902852077197
76.0,10.0,1.0249656498777293
76.0,11.0,0.9114100976781572
76.0,12.0,0.8200110161150533
76.0,13.0,0.7427407445520089
76.0,14.0,0.6754369267991827
76.0,15.0,0.6155882027455899
76.0,16.0,0.561716579202324
76.0,17.0,0.5125788168687446
76.0,18.0,0.4683377207878383
76.0,19.0,0.42816266487384524
76.0,20.0,0.3926865827773911
76.0,21.0,0.36080101592104974
76.0,22.0,0.33188520833732404
76.0,23.0,0.3055943421127765
76.0,24.0,0.28234093337909094
76.0,25.0,0.2613527124320978
77.0,1.0,12.354335946251132
77.0,2.0,7.062651745836847
77.0,3.0,4.812094333875434
77.0,4.0,3.6283398208752775
77.0,5.0,2.926586948996187
77.0,6.0,2.4712559902338604
77.0,7.0,2.1517144619126096
77.0,8.0,1.9186243425098173
77.0,9.0,1.7412039245520825
77.0,10.0,1.5984913871606343
77.0,11.0,1.4800150490347068
77.0,12.0,1.380400171126352
77.0,13.0,1.2938475997405794
77.0,14.0,1.2169038146130795
77.0,15.0,1.1484283042706736
77.0,16.0,1.086172710435548
77.0,17.0,1.0299875425646263
77.0,18.0,0.978258088976169
77.0,19.0,0.9300749063576532
77.0,20.0,0.8853615570167426
77.0,21.0,0.8437636645839044
77.0,22.0,0.8048900420525129
77.0,23.0,0.7680548792826336
77.0,24.0,0.732848906431613
77.0,25.0,0.6993729297685505
78.0,1.0,9.843097730101217
78.0,2.0,5.6397829986450665
78.0,3.0,3.9447548846707248
78.0,4.0,3.0381019286298097
78.0,5.0,2.4944888998147805
78.0,6.0,2.138949748897475
78.0,7.0,1.8861950137454642
78.0,8.0,1.6902899975297636
78.0,9.0,1.5304866741671974
78.0,10.0,1.4005668386414687
78.0,11.0,1.2893780370392545
78.0,12.0,1.1930557871260383
78.0,13.0,1.1086253184875767
78.0,14.0,1.0341559565198448
78.0,15.0,0.9669119870718399
78.0,16.0,0.9054231455047992
78.0,17.0,0.8486720406186103
78.0,18.0,0.7959432621920532
78.0,19.0,0.7465225594873859
78.0,20.0,0.6998328155381719
78.0,21.0,0.6554844362308776
78.0,22.0,0.6138114042282918
78.0,23.0,0.574972664993175
78.0,24.0,0.5385410595901243
78.0,25.0,0.5041432248176028
79.0,1.0,12.869150741807283
79.0,2.0,7.176618076872318
79.0,3.0,4.830243818464043
79.0,4.0,3.579979649252051
79.0,5.0,2.8257652201083197
79.0,6.0,2.3285117615050073
79.0,7.0,1.970736444016616
79.0,8.0,1.700663430389933
79.0,9.0,1.4955801502466697
79.0,10.0,1.3345505186889124
79.0,11.0,1.2064965225447288
79.0,12.0,1.1016145863097924
79.0,13.0,1.0158848806957854
79.0,14.0,0.9424969437375239
79.0,15.0,0.877858465877364
79.0,16.0,0.8206035947715495
79.0,17.0,0.7700035817708812
79.0,18.0,0.7252509280314019
79.0,19.0,0.6853116560715993
79.0,20.0,0.6488590022684164
79.0,21.0,0.6166579534516625
79.0,22.0,0.5871634906315961
79.0,23.0,0.5601446246701247
79.0,24.0,0.5356190049601457
79.0,25.0,0.5132456457127574
80.0,1.0,10.804071246349102
80.0,2.0,5.970730258519353
80.0,3.0,4.13044961510241
80.0,4.0,3.212445066922516
80.0,5.0,2.6632605154652857
80.0,6.0,2.304485624328228
80.0,7.0,2.047103671717
80.0,8.0,1.8485319540682354
80.0,9.0,1.6855102924155698
80.0,10.0,1.547536717665949
80.0,11.0,1.4276114320995674
80.0,12.0,1.3262829093899953
80.0,13.0,1.2391122691621206
80.0,14.0,1.1642323950286162
80.0,15.0,1.0988075607831247
80.0,16.0,1.0403985204692088
80.0,17.0,0.988082684127991
80.0,18.0,0.9407070079493334
80.0,19.0,0.8972681413454726
80.0,20.0,0.8577007794067208
80.0,21.0,0.821477043739363
80.0,22.0,0.7880554083018776
80.0,23.0,0.7573330319765779
80.0,24.0,0.7285143929061562
80.0,25.0,0.7013411435387358
81.0,1.0,12.892837006049966
81.0,2.0,7.095712869545821
81.0,3.0,4.817894337453115
81.0,4.0,3.661853285030489
81.0,5.0,2.9704400330261365
81.0,6.0,2.499041104562666
81.0,7.0,2.1524089554485952
81.0,8.0,1.8809500581563787
81.0,9.0,1.663593765040046
81.0,10.0,1.4832888761285483
81.0,11.0,1.3341819296512192
81.0,12.0,1.2082494789663079
81.0,13.0,1.099937330616708
81.0,14.0,1.0043490427592277
81.0,15.0,0.9194577693781234
81.0,16.0,0.8448543497949679
81.0,17.0,0.7771114553722525
81.0,18.0,0.715737017271393
81.0,19.0,0.6614526182713378
81.0,20.0,0.6130092559680165
81.0,21.0,0.5693487878299806
81.0,22.0,0.5297471261219959
81.0,23.0,0.4930577837427341
81.0,24.0,0.46033487432006037
81.0,25.0,0.43072812525813475
82.0,1.0,12.62910084207359
82.0,2.0,7.015454301359347
82.0,3.0,4.877597278225713
82.0,4.0,3.813848652863384
82.0,5.0,3.189453170794226
82.0,6.0,2.7734249703298977
82.0,7.0,2.469640845572722
82.0,8.0,2.236856090331189
82.0,9.0,2.0461880630453013
82.0,10.0,1.8852747760085178
82.0,11.0,1.747809443988916
82.0,12.0,1.6337557955421724
82.0,13.0,1.5362451044069774
82.0,14.0,1.4487306707741325
82.0,15.0,1.3694204022450318
82.0,16.0,1.2967822662074173
82.0,17.0,1.229945701397476
82.0,18.0,1.1685196194537646
82.0,19.0,1.1107312812590644
82.0,20.0,1.0560036992344592
82.0,21.0,1.0041661434027587
82.0,22.0,0.9553490682801025
82.0,23.0,0.9091904299672313
82.0,24.0,0.8659491778946329
82.0,25.0,0.825208251350654
83.0,1.0,12.34368238164222
83.0,2.0,6.805724187370165
83.0,3.0,4.67277627792633
83.0,4.0,3.5930679598917337
83.0,5.0,2.950213052815867
83.0,6.0,2.5272970211003862
83.0,7.0,2.2329169405944302
83.0,8.0,2.0088257889701984
83.0,9.0,1.827134442098207
83.0,10.0,1.6741306380240406
83.0,11.0,1.5413483332028193
83.0,12.0,1.4263764708389743
83.0,13.0,1.3250991282999287
83.0,14.0,1.2361844529237072
83.0,15.0,1.160338817302847
83.0,16.0,1.0941094418643509
83.0,17.0,1.0343724613819596
83.0,18.0,0.9793962536368888
83.0,19.0,0.9287232731666375
83.0,20.0,0.8821749624224395
83.0,21.0,0.8388878322256446
83.0,22.0,0.7981909456099645
83.0,23.0,0.75962110155539
83.0,24.0,0.7235525601371506
83.0,25.0,0.6899663404885477
84.0,1.0,11.709144528139076
84.0,2.0,6.273912838988117
84.0,3.0,4.156422316181731
84.0,4.0,3.0431764134284336
84.0,5.0,2.3959455010082458
84.0,6.0,1.9739177695733297
84.0,7.0,1.6770546757837952
84.0,8.0,1.4585006871152135
84.0,9.0,1.288861290596163
84.0,10.0,1.1572418991248394
84.0,11.0,1.051145595148534
84.0,12.0,0.9654317910808219
84.0,13.0,0.893545434505274
84.0,14.0,0.8316847717153415
84.0,15.0,0.7779234297770419
84.0,16.0,0.7315539078462852
84.0,17.0,0.6909880137825697
84.0,18.0,0.6549266413411585
84.0,19.0,0.6218826791585172
84.0,20.0,0.5914439597767656
84.0,21.0,0.5630531543020485
84.0,22.0,0.5368427951572015
84.0,23.0,0.5123018050718926
84.0,24.0,0.48980650765306066
84.0,25.0,0.46886342222738797
85.0,1.0,13.353392021069162
85.0,2.0,7.574550416661158
85.0,3.0,5.182302124484196
85.0,4.0,3.900253522912924
85.0,5.0,3.1226127781829467
85.0,6.0,2.6073518013575585
85.0,7.0,2.2422508932535488
85.0,8.0,1.962910756608534
85.0,9.0,1.7420183679713643
85.0,10.0,1.5654872245431184
85.0,11.0,1.4235755381155615
85.0,12.0,1.3046589148817445
85.0,13.0,1.2017639933378303
85.0,14.0,1.1109104863845154
85.0,15.0,1.030963133608573
85.0,16.0,0.9618802763355676
85.0,17.0,0.9009425122969352
85.0,18.0,0.8468005333543749
85.0,19.0,0.7983903746011469
85.0,20.0,0.7542662867344978
85.0,21.0,0.7134503676767165
85.0,22.0,0.6750949668481452
85.0,23.0,0.6392668345395229
85.0,24.0,0.6057090859099992
85.0,25.0,0.5746853771987661
86.0,1.0,8.595810795931424
86.0,2.0,4.95189499132221
86.0,3.0,3.522742261290726
86.0,4.0,2.7728413854967915
86.0,5.0,2.3115459706222863
86.0,6.0,1.9997158938455213
86.0,7.0,1.7668642516432103
86.0,8.0,1.584456748033122
86.0,9.0,1.4393845694714562
86.0,10.0,1.3197794044403546
86.0,11.0,1.2174140477286075
86.0,12.0,1.1283025256881452
86.0,13.0,1.0497101728682736
86.0,14.0,0.9796627411102108
86.0,15.0,0.9158043773350002
86.0,16.0,0.857089660878529
86.0,17.0,0.8028053219732323
86.0,18.0,0.7517782011696177
86.0,19.0,0.7033465768638267
86.0,20.0,0.6575403912455977
86.0,21.0,0.6150826024166021
86.0,22.0,0.5751968377309327
86.0,23.0,0.5373819470462253
86.0,24.0,0.5013546921378165
86.0,25.0,0.4672075761357304
87.0,1.0,12.169112290356166
87.0,2.0,6.337107239153159
87.0,3.0,4.279961621447049
87.0,4.0,3.2634377878937215
87.0,5.0,2.65020475937769
87.0,6.0,2.23548083993229
87.0,7.0,1.933330490218724
87.0,8.0,1.6985930116932568
87.0,9.0,1.5090517156579955
87.0,10.0,1.352958395427697
87.0,11.0,1.2229634524758124
87.0,12.0,1.1116464486460762
87.0,13.0,1.015340467414438
87.0,14.0,0.9335949994176707
87.0,15.0,0.8610424853743606
87.0,16.0,0.7979748785522132
87.0,17.0,0.7419929313496922
87.0,18.0,0.6915296499792971
87.0,19.0,0.6460882354319137
87.0,20.0,0.6052247088304838
87.0,21.0,0.5685888197726046
87.0,22.0,0.5348722091216738
87.0,23.0,0.5035915838896372
87.0,24.0,0.47457105358163787
87.0,25.0,0.4479585498594023
88.0,1.0,9.202357969071693
88.0,2.0,5.2191879409947735
88.0,3.0,3.6452763693486983
88.0,4.0,2.8355451911380296
88.0,5.0,2.353263186839456
88.0,6.0,2.035537390886475
88.0,7.0,1.8057712082222181
88.0,8.0,1.6289467116564182
88.0,9.0,1.4869226058958809
88.0,10.0,1.369830729715332
88.0,11.0,1.2707985010842293
88.0,12.0,1.1846478392973125
88.0,13.0,1.108936855559742
88.0,14.0,1.0409258123765888
88.0,15.0,0.9780447534117629
88.0,16.0,0.9204633525405672
88.0,17.0,0.8682077138392064
88.0,18.0,0.8195844338423779
88.0,19.0,0.7736581493762351
88.0,20.0,0.7301984794121914
88.0,21.0,0.6890217941171635
88.0,22.0,0.6507676385026455
88.0,23.0,0.615486360812449
88.0,24.0,0.583154864078054
88.0,25.0,0.5531468671427549
89.0,1.0,9.34071458210493
89.0,2.0,5.412778447277824
89.0,3.0,3.881842124532189
89.0,4.0,3.065901648885709
89.0,5.0,2.5445534103825524
89.0,6.0,2.173505150860202
89.0,7.0,1.895079298059505
89.0,8.0,1.677502499421089
89.0,9.0,1.5009302616298044
89.0,10.0,1.3608640465898976
89.0,11.0,1.2443563601465293
89.0,12.0,1.1447569163092268
89.0,13.0,1.0576615198602166
89.0,14.0,0.981205452855324
89.0,15.0,0.9132390254876883
89.0,16.0,0.8542692279788398
89.0,17.0,0.8008584758167689
89.0,18.0,0.7525111594361418
89.0,19.0,0.7079805487134507
89.0,20.0,0.666550070279949
89.0,21.0,0.6277934304221091
89.0,22.0,0.5916674313769432
89.0,23.0,0.5580034899456496
89.0,24.0,0.5265604372324955
89.0,25.0,0.4967645428608298
90.0,1.0,14.745168553982634
90.0,2.0,7.917045549898102
90.0,3.0,5.304777498365919
90.0,4.0,3.987142468062043
90.0,5.0,3.2080585450186963
90.0,6.0,2.692951134565458
90.0,7.0,2.3194139474185285
90.0,8.0,2.033464103607084
90.0,9.0,1.8098846303157536
90.0,10.0,1.634397191760323
90.0,11.0,1.4906777181536794
90.0,12.0,1.3685486203680686
90.0,13.0,1.2626241950091543
90.0,14.0,1.1710815210796355
90.0,15.0,1.0895797456437295
90.0,16.0,1.0172805890004213
90.0,17.0,0.9530533737097153
90.0,18.0,0.895336124844504
90.0,19.0,0.8430221989311839
90.0,20.0,0.7953885716176723
90.0,21.0,0.7511708979611003
90.0,22.0,0.7096169454847407
90.0,23.0,0.6704293606375957
90.0,24.0,0.6340546122008028
90.0,25.0,0.6004636848465417
91.0,1.0,10.494569289078605
91.0,2.0,5.662165286052097
91.0,3.0,3.7992515589258007
91.0,4.0,2.8775415458546574
91.0,5.0,2.325489447922691
91.0,6.0,1.964542976296772
91.0,7.0,1.7064889874000047
91.0,8.0,1.5082122119039942
91.0,9.0,1.3553036035140948
91.0,10.0,1.2305428208727287
91.0,11.0,1.1251521452979807
91.0,12.0,1.0346185748496124
91.0,13.0,0.9550166976074603
91.0,14.0,0.8840841346046009
91.0,15.0,0.8207343305136536
91.0,16.0,0.7637909289336839
91.0,17.0,0.7117055289171272
91.0,18.0,0.6639803394839427
91.0,19.0,0.6203660489509151
91.0,20.0,0.5805803243543322
91.0,21.0,0.5442401561311669
91.0,22.0,0.5108241147761969
91.0,23.0,0.47999055817231184
91.0,24.0,0.4517412528194109
91.0,25.0,0.4259552918038265
92.0,1.0,8.246164735419308
92.0,2.0,4.67992194977637
92.0,3.0,3.272754593061274
92.0,4.0,2.5390978960204436
92.0,5.0,2.0857802346994685
92.0,6.0,1.7769894868264586
92.0,7.0,1.5510815393860504
92.0,8.0,1.379960613359887
92.0,9.0,1.2425028073885596
92.0,10.0,1.130653478733901
92.0,11.0,1.0371645899874284
92.0,12.0,0.95606076762986
92.0,13.0,0.8880637746321067
92.0,14.0,0.8283264500504668
92.0,15.0,0.7747295675724892
92.0,16.0,0.7267087916438557
92.0,17.0,0.6830000186660365
92.0,18.0,0.6424033822177124
92.0,19.0,0.6048142734795423
92.0,20.0,0.569778437535529
92.0,21.0,0.5370570694453383
92.0,22.0,0.506687548845755
92.0,23.0,0.4788899432867719
92.0,24.0,0.45293700750814914
92.0,25.0,0.4289848659132254
93.0,1.0,12.664410561565425
93.0,2.0,7.058039023899601
93.0,3.0,4.917032532927674
93.0,4.0,3.8062519106474824
93.0,5.0,3.1284854316444815
93.0,6.0,2.658661958961769
93.0,7.0,2.3079341055806744
93.0,8.0,2.032579159670437
93.0,9.0,1.8144528561363664
93.0,10.0,1.6332828230247571
93.0,11.0,1.4801843883659576
93.0,12.0,1.3473026593437343
93.0,13.0,1.2301701109951466
93.0,14.0,1.1261146504184776
93.0,15.0,1.032869915846307
93.0,16.0,0.9512871696135576
93.0,17.0,0.879266475894485
93.0,18.0,0.8148292181054098
93.0,19.0,0.758310437981411
93.0,20.0,0.7076472200649713
93.0,21.0,0.6615071879302503
93.0,22.0,0.6185195807960397
93.0,23.0,0.5785588540260722
93.0,24.0,0.5416891351840656
93.0,25.0,0.507111342060691
94.0,1.0,10.268682379807007
94.0,2.0,5.45659387246559
94.0,3.0,3.7323968865460904
94.0,4.0,2.8670519422054435
94.0,5.0,2.346544094203602
94.0,6.0,1.993964034703649
94.0,7.0,1.7392022335557966
94.0,8.0,1.5431773042560923
94.0,9.0,1.3857650917580182
94.0,10.0,1.2549141260291785
94.0,11.0,1.1469884857055632
94.0,12.0,1.0558754649793887
94.0,13.0,0.9771147442247594
94.0,14.0,0.9076696678022254
94.0,15.0,0.8448220747101862
94.0,16.0,0.7870075544267978
94.0,17.0,0.7341273528097885
94.0,18.0,0.6854546335815277
94.0,19.0,0.6406407585670095
94.0,20.0,0.5994973671192323
94.0,21.0,0.5616429177198423
94.0,22.0,0.5262573257914589
94.0,23.0,0.49351702082991356
94.0,24.0,0.4633290141297355
94.0,25.0,0.4349417704170282
95.0,1.0,9.750011534162013
95.0,2.0,5.4202571964555615
95.0,3.0,3.7333092158083714
95.0,4.0,2.841304230092976
95.0,5.0,2.2826588283886897
95.0,6.0,1.901679848959521
95.0,7.0,1.6309618128283851
95.0,8.0,1.4239379100098377
95.0,9.0,1.2592377294259771
95.0,10.0,1.1256051910175113
95.0,11.0,1.012705116755984
95.0,12.0,0.9168725612450173
95.0,13.0,0.837612050502015
95.0,14.0,0.7693938340603284
95.0,15.0,0.7088445686906857
95.0,16.0,0.6562598478481307
95.0,17.0,0.609426230287645
95.0,18.0,0.5674959253847156
95.0,19.0,0.5298079432794784
95.0,20.0,0.4967582231925247
95.0,21.0,0.4664207563397538
95.0,22.0,0.4381206742882302
95.0,23.0,0.4118749417220817
95.0,24.0,0.38731848688648274
95.0,25.0,0.3642727820203442
96.0,1.0,6.875955400871293
96.0,2.0,3.9967598149648165
96.0,3.0,2.85920050188074
96.0,4.0,2.2613469200363694
96.0,5.0,1.8810362570010248
96.0,6.0,1.6109922768414124
96.0,7.0,1.4059409175247026
96.0,8.0,1.2437251123486828
96.0,9.0,1.1131784895706414
96.0,10.0,1.0059417112410394
96.0,11.0,0.9141378536259364
96.0,12.0,0.8346327484585769
96.0,13.0,0.7649317154721844
96.0,14.0,0.7031117345180213
96.0,15.0,0.6487156391739459
96.0,16.0,0.6005546414396701
96.0,17.0,0.5575542292035784
96.0,18.0,0.5202984773191606
96.0,19.0,0.4869330515858863
96.0,20.0,0.4567476600699676
96.0,21.0,0.42927274497008217
96.0,22.0,0.4051188069497753
96.0,23.0,0.38319069006957207
96.0,24.0,0.3635725218706529
96.0,25.0,0.3455251385871225
97.0,1.0,14.282347119034448
97.0,2.0,7.472103451729159
97.0,3.0,4.951981406638107
97.0,4.0,3.7374674981800178
97.0,5.0,3.0520126724986776
97.0,6.0,2.6049652861398114
97.0,7.0,2.289854150177603
97.0,8.0,2.0499253585756128
97.0,9.0,1.8592716799852225
97.0,10.0,1.702741282377647
97.0,11.0,1.570560180583425
97.0,12.0,1.4575326967934688
97.0,13.0,1.359701183520257
97.0,14.0,1.2730286833131057
97.0,15.0,1.1941888435954278
97.0,16.0,1.1228494289964326
97.0,17.0,1.0580691334567787
97.0,18.0,0.9998445451229339
97.0,19.0,0.9471497768294155
97.0,20.0,0.8988246403848112
97.0,21.0,0.8535825967921404
97.0,22.0,0.8107601800091775
97.0,23.0,0.7702229909633393
97.0,24.0,0.7328937262103343
97.0,25.0,0.6983978059554445
98.0,1.0,7.507567471961509
98.0,2.0,4.442460081488366
98.0,3.0,3.1787130924516758
98.0,4.0,2.492374441879524
98.0,5.0,2.0688393335271815
98.0,6.0,1.7862142901534188
98.0,7.0,1.5789723266408728
98.0,8.0,1.4222444273283577
98.0,9.0,1.298044581692257
98.0,10.0,1.1947113886265361
98.0,11.0,1.107529695553664
98.0,12.0,1.032852919786083
98.0,13.0,0.9670538815914398
98.0,14.0,0.908576313025363
98.0,15.0,0.8556665268454369
98.0,16.0,0.8077836123429281
98.0,17.0,0.7645463095656009
98.0,18.0,0.7250109377328808
98.0,19.0,0.6885967026725481
98.0,20.0,0.6545260757978939
98.0,21.0,0.6235751935044513
98.0,22.0,0.5946796902542051
98.0,23.0,0.5677042394615794
98.0,24.0,0.5422775869496359
98.0,25.0,0.518354365508439
99.0,1.0,10.264920584987138
99.0,2.0,5.787489806913103
99.0,3.0,4.01808855446285
99.0,4.0,3.096024986350021
99.0,5.0,2.52254791836138
99.0,6.0,2.129056707991036
99.0,7.0,1.8353317177677377
99.0,8.0,1.6055399691600405
99.0,9.0,1.421573050073179
99.0,10.0,1.2696409824954467
99.0,11.0,1.1417612792697982
99.0,12.0,1.034562129024673
99.0,13.0,0.9423044983750133
99.0,14.0,0.8617268773992324
99.0,15.0,0.790989991356569
99.0,16.0,0.7289408628452625
99.0,17.0,0.6741805272516794
99.0,18.0,0.6249810266207705
99.0,19.0,0.5803195915183661
99.0,20.0,0.5399086354928704
99.0,21.0,0.5029901591425947
99.0,22.0,0.4688508284299253
99.0,23.0,0.4370211927073706
99.0,24.0,0.40737749067015816
99.0,25.0,0.38007159279900815
