iteration,training_loss,validation_loss,iter_time,raw_grad_norm,lr,t0,t1,t2,t3,t4
0,2.3294956524381583,0.04093939782925032,1.8660826759878546,,,1.8873483400825108,1.8873483400825108,1.8873483400825108,1.8873483400825108,1.8873483400825108
1,2.3294956524381583,0.04093943776788727,1.7044981359504163,13.467552892894108,1.0000000000000006e-06,1.887351087697852,1.8873455924691445,1.8873455924692975,1.8873455924691414,1.8873455924692304
2,2.3294967583055395,0.04093948199978894,1.493962744018063,8.144637760402912,1.1800000000000006e-06,1.8873542489716721,1.8873423577371788,1.887342346338692,1.8873425020441772,1.8873428702538582
3,2.3294980232688998,0.04093953434790685,0.010715243872255087,8.144684210426478,1.3600000000000005e-06,1.8873578786843148,1.8873386162490733,1.8873385999616412,1.887338969995751,1.8873394673039299
4,2.329499507590811,0.040939594401314644,0.01914231409318745,8.144723323886982,1.5400000000000005e-06,1.8873619876742023,1.8873343702674712,1.8873343544698655,1.8873349738560372,1.8873354709229213
5,2.329501203160144,0.04093966199396961,0.010694816010072827,8.144782830923258,1.7200000000000005e-06,1.8873665795997407,1.8873296215287736,1.887329610583253,1.887330505431184,1.8873309152253581
6,2.3295031066100105,0.04093973704102847,0.010706808185204864,8.144836619033557,1.9000000000000004e-06,1.887371656150666,1.887324371171551,1.8873243687483436,1.8873255608172905,1.8873258172262937
7,2.3295052161832253,0.04093981949184324,0.01100511197000742,8.144897259779736,2.0800000000000004e-06,1.887377218309073,1.8873186199974104,1.8873186293134068,1.8873201377625417,1.8873201868196707
8,2.329507530797275,0.04093990931308206,0.01094546401873231,8.144976389107017,2.2600000000000004e-06,1.887383266763875,1.8873123686039928,1.887312392525594,1.8873142347586729,1.8873140303959972
9,2.3295100497161036,0.040940006481028746,0.010579644935205579,8.145054473574016,2.440000000000001e-06,1.8873898020449333,1.8873056174714335,1.8873056585921015,1.8873078506682557,1.8873073524262158
10,2.329512772397587,0.0409401109778641,0.010836004978045821,8.145145488394439,2.6200000000000003e-06,1.8873968246101345,1.8872983669935117,1.8872984276743945,1.8873009845627078,1.8873001562286429
11,2.3295156984187595,0.040940222789389906,0.01059272000566125,8.145242097471934,2.8000000000000003e-06,1.8874043348770944,1.887290617514091,1.8872906999172523,1.887293635640973,1.8872924443944243
12,2.329518827427574,0.040940341903869595,0.010740587953478098,8.145336262331899,2.9800000000000003e-06,1.8874123332306454,1.887282369335942,1.8872824754710589,1.8872858031802215,1.8872842190260817
13,2.329522159120687,0.04094046831144407,0.010571148945018649,8.14544579828391,3.1600000000000002e-06,1.8874208200311418,1.8872736227320643,1.8872737544569218,1.88727748651923,1.8872754818841064
14,2.3295256932359028,0.04094060200348598,0.0105183320119977,8.145556627359179,3.340000000000001e-06,1.8874297956178487,1.8872643779534577,1.8872645370068246,1.8872686850375904,1.887266234482017
15,2.329529429535903,0.04094074297244204,0.01036216993816197,8.145677818111892,3.520000000000001e-06,1.8874392603203762,1.8872546352262058,1.8872548232355792,1.8872593981507286,1.8872564781407832
16,2.3295333678073966,0.040940891211797226,0.010435071075335145,8.145794576672385,3.700000000000001e-06,1.887449214443957,1.8872443947609512,1.8872446132161973,1.887249625303593,1.8872462140362218
17,2.3295375078660507,0.04094104671567707,0.010453486116603017,8.145926768538219,3.880000000000001e-06,1.8874596582823147,1.8872336567539179,1.8872339070089355,1.8872393659711229,1.8872354432300618
18,2.3295418495430935,0.04094120947860836,0.01061169896274805,8.14606614804485,4.060000000000002e-06,1.8874705921113495,1.887222421387173,1.8872227047027657,1.887228619646368,1.8872241666940999
19,2.329546392677772,0.04094137949586256,0.010699993930757046,8.146214187675906,4.240000000000001e-06,1.8874820161875452,1.8872106888293962,1.8872110063321421,1.8872173858530992,1.8872123853169365
20,2.3295511371336377,0.040941556762518434,0.01069393684156239,8.146356772709394,4.420000000000001e-06,1.8874939307754466,1.8871984592426194,1.8871988120122278,1.8872056641296675,1.8872000999240166
21,2.329556082758812,0.0409417412743841,0.010613256134092808,8.146521456104724,4.600000000000001e-06,1.8875063361055013,1.8871857327763593,1.88718612180698,1.8871934540330788,1.8871873112869872
22,2.329561229428863,0.040941933027761473,0.010657420149073005,8.146674024235894,4.78e-06,1.8875192324051906,1.8871725095666798,1.8871729357268066,1.8871807551545068,1.8871740201190585
23,2.329566577035727,0.0409421320190773,0.010800973977893591,8.146850589124288,4.96e-06,1.887532619888693,1.8871587897360584,1.8871592538214075,1.8871675670958306,1.8871602270887033
24,2.329572125472838,0.04094233824455759,0.010616303887218237,8.147011383936821,5.140000000000001e-06,1.8875464987668855,1.8871445734102639,1.8871450761936681,1.8871538894721736,1.8871459328362985
25,2.3295778746225664,0.04094255170184877,0.010585007956251502,8.147212539436504,5.320000000000001e-06,1.8875608691764205,1.8871298606920681,1.8871304028053604,1.8871397219302197,1.8871311379534976
26,2.3295838244284726,0.04094277238783944,0.010429032146930695,8.147397276649741,5.500000000000001e-06,1.8875757313169,1.8871146516829869,1.8871152337027557,1.887125064129502,1.8871158430040227
27,2.329589974795526,0.04094300029988075,0.010371599113568664,8.147593019820173,5.680000000000001e-06,1.8875910853586098,1.8870989464724341,1.887099568903315,1.887109915751121,1.887100048518124
28,2.329596325647516,0.04094323543553021,0.01049525081180036,8.147783909936601,5.860000000000001e-06,1.8876069314507609,1.8870827451458096,1.8870834084247938,1.887094276487877,1.887083755004019
29,2.329602876916407,0.04094347779246044,0.01063048210926354,8.147999189743151,6.0400000000000015e-06,1.8876232697172668,1.8870660477793582,1.8870667523093736,1.8870781460504558,1.887066962945562
30,2.329609628539099,0.04094372736858752,0.010765078011900187,8.148221400248882,6.22e-06,1.887640100282913,1.8870488544412654,1.8870496005724593,1.8870615241639939,1.8870496727994008
31,2.3296165804605606,0.040943984162081455,0.01070431713014841,8.14842387484409,6.4000000000000006e-06,1.8876574232671244,1.8870311651952454,1.8870319531876456,1.8870444105751234,1.8870318850053085
32,2.329623732635929,0.040944248170962635,0.010738287819549441,8.148659554680918,6.5800000000000005e-06,1.8876752387880502,1.8870129800908069,1.8870138101885765,1.8870268050457957,1.8870135999721371
33,2.32963108501181,0.04094451939404087,0.010841903975233436,8.148891573655442,6.760000000000001e-06,1.8876935469145057,1.8869942991737563,1.8869951715254523,1.8870087073521347,1.886994818090697
34,2.3296386375702003,0.04094479783009012,0.01067325915209949,8.149132229493127,6.940000000000001e-06,1.8877123477381619,1.8869751224795754,1.886976037141686,1.8869901172859165,1.8869755397328898
35,2.3296463902889126,0.040945083477195825,0.010663178050890565,8.149361837238883,7.120000000000001e-06,1.8877316413490646,1.8869554500501429,1.8869564070991487,1.8869710346467654,1.8869557652715576
36,2.329654343117349,0.040945376335024264,0.010509398998692632,8.149642339584465,7.3e-06,1.8877514277760539,1.8869352818973537,1.886936281280095,1.8869514592587637,1.8869354950374995
37,2.3296624960727295,0.040945676401963185,0.011000249069184065,8.14989026278093,7.48e-06,1.8877717070737725,1.8869146180530962,1.8869156597639203,1.8869313909371022,1.8869147293654382
38,2.3296708491162508,0.04094598367739447,0.01090291584841907,8.150164014575518,7.660000000000001e-06,1.8877924792826275,1.8868934585282238,1.8868945424665942,1.8869108295264476,1.8868934685738665
39,2.3296794022521876,0.04094629815997061,0.01082030194811523,8.150421051300112,7.840000000000001e-06,1.8878137444530614,1.886871803338475,1.8868729294270132,1.8868897748765794,1.886871712975438
40,2.3296881554530304,0.04094661984965082,0.01084134099073708,8.150711463747559,8.020000000000001e-06,1.8878355025960116,1.8868496524854579,1.8868508205050893,1.8868682268534085,1.8868494628584374
41,2.3296971087473306,0.04094694874599469,0.010899021988734603,8.150981723082923,8.200000000000001e-06,1.887857753740321,1.8868270059680772,1.886828215620937,1.8868461853250371,1.8868267185063976
42,2.329706262145284,0.040947284848439736,0.010945238871499896,8.151281760824379,8.380000000000001e-06,1.8878804978743127,1.8868038637830489,1.8868051147679499,1.8868236501705056,1.8868034801934128
43,2.329715615654359,0.04094762815626022,0.010834762826561928,8.151581892057605,8.560000000000001e-06,1.887903734995132,1.8867802259237387,1.886781517962409,1.8868006212731379,1.886779748190702
44,2.3297251692745395,0.040947978669106315,0.010510620893910527,8.15188858020637,8.740000000000001e-06,1.887927465130214,1.8867560923690059,1.8867574251282644,1.886777098534121,1.8867555227507695
45,2.3297349230189996,0.04094833638675432,0.010557621950283647,8.152195884506146,8.920000000000001e-06,1.887951688272714,1.886731463108176,1.8867328361867228,1.8867530818634566,1.8867308041269486
46,2.329744876908728,0.04094870130880403,0.010603755014017224,8.15251161813053,9.100000000000001e-06,1.8879764043912675,1.8867063381122735,1.8867077511499064,1.8867285711787216,1.8867055925564848
47,2.329755030958193,0.04094907343595651,0.010637575993314385,8.152828134638485,9.280000000000001e-06,1.8880016134782205,1.8866807173592735,1.8866821697845582,1.8867035663928475,1.8866798882807383
48,2.3297653852263567,0.040949452768077946,0.010813312837854028,8.153163416356833,9.460000000000001e-06,1.8880273154948617,1.8866546008211669,1.8866560920551887,1.886678067432457,1.886653691533173
49,2.3297759397396196,0.040949839305221586,0.01090397103689611,8.153512200092697,9.640000000000001e-06,1.888053510371715,1.8866279884605268,1.8866295179390353,1.8866520742272348,1.8866270025430272
50,2.329786694534327,0.04095023304682231,0.010956992162391543,8.153840264924526,9.820000000000001e-06,1.8880801981216908,1.8866008802493592,1.8866024474142462,1.8866255867142752,1.8865998215402782
51,2.3297976496151787,0.04095063399361576,0.010961947031319141,8.1541883429591,1e-05,1.8881073787040714,1.8865732761418537,1.8865748802951796,1.8865986048471965,1.8865721487373441
52,2.329808805045094,0.0409510349244607,0.010725709144026041,8.154544988257467,9.999890338174275e-06,1.8881345624424886,1.8865456732566714,1.8865473130716162,1.8865716146869582,1.8865444826503157
53,2.3298199599476836,0.040951435830777795,0.010596798965707421,8.154903863366725,9.999561358041869e-06,1.8881617485660447,1.8865180721254162,1.886519746372908,1.8865446170746252,1.8865168238650472
54,2.329831114114836,0.04095183670507249,0.01041133888065815,8.155266688485435,9.999013075636806e-06,1.8881889362973032,1.8864904732743362,1.8864921806547492,1.8865176128492023,1.8864891729487279
55,2.329842267382224,0.04095223753944313,0.010523786069825292,8.15562693197668,9.998245517681596e-06,1.8882161248942062,1.8864628772419447,1.8864646164095074,1.8864906028323747,1.8864615304709145
56,2.329853419564591,0.040952638325271504,0.010614369995892048,8.15597518975225,9.997258721585931e-06,1.8882433136527796,1.8864352845701393,1.886437054226903,1.8864635878486335,1.8864338969877126
57,2.329864570442367,0.04095303905469275,0.010719299782067537,8.156328963784777,9.996052735444863e-06,1.8882705018153048,1.8864076958027132,1.8864094946309298,1.8864365687122089,1.8864062730499067
58,2.3298757198298814,0.04095343971898306,0.010769439861178398,8.156682418672315,9.994627618036455e-06,1.888297688676581,1.8863801114981953,1.8863819382406166,1.886409546213005,1.8863786592225344
59,2.3298868675014925,0.04095384031042606,0.010825674049556255,8.15704267268371,9.992983438818916e-06,1.8883248734857747,1.886352532195734,1.8863543855710259,1.8863825211630254,1.8863510560347965
60,2.3298980132743705,0.04095424082105051,0.010731812100857496,8.157402415713692,9.991120277927224e-06,1.888352055492512,1.8863249584483177,1.8863268371836324,1.8863554943447232,1.886323464032522
61,2.3299091569547854,0.04095464124217619,0.010696824174374342,8.157753939390346,9.98903822616921e-06,1.8883792340068541,1.8862973908130467,1.8862992936960905,1.8863284665451732,1.886295883758676
62,2.3299202983150216,0.04095504156529777,0.010490528075024486,8.15811061002383,9.986737385021142e-06,1.8884064083046614,1.8862698298563263,1.886271755741665,1.8863014385309584,1.886268315758882
63,2.329931437135398,0.04095544178187494,0.010521033080294728,8.15845762473623,9.984217866622771e-06,1.8884335777482024,1.8862422761379014,1.88624422386597,1.8862744110781684,1.886240760565778
64,2.3299425731882755,0.04095584188386057,0.010657418984919786,8.158829553979349,9.981479793771866e-06,1.8884607416114267,1.8862147302105925,1.8862166986436346,1.886247384956269,1.8862132187092482
65,2.329953706272433,0.040956241862362776,0.010910093784332275,8.159168652258387,9.97852329991824e-06,1.8884878992318839,1.8861871926549347,1.8861891807028808,1.886220360909983,1.88618569074602
66,2.3299648361472207,0.04095664170950895,0.010862638941034675,8.159533254134445,9.97534852915723e-06,1.8885150499104648,1.8861596640230636,1.8861616705761606,1.886193339698673,1.8861581771922575
67,2.329975962614432,0.04095704141712717,0.010562332812696695,8.159894814968547,9.971955636222685e-06,1.8885421929432407,1.8861321448790045,1.886134168836452,1.8861663220759501,1.8861306785803007
68,2.3299870854648392,0.04095744097731156,0.010535679059103131,8.16024807143041,9.968344786479417e-06,1.888569327656111,1.8861046357908176,1.8861066759775371,1.8861393087814275,1.8861031954443235
69,2.329998204497482,0.040957840381668706,0.010727058863267303,8.160608175804054,9.964516155915152e-06,1.8885964533556754,1.8860771373281853,1.8860791926117075,1.8861123005504226,1.886075728318874
70,2.3300093194919342,0.040958239622141776,0.010673627955839038,8.1609595732956,9.960469931131939e-06,1.8886235693496787,1.886049650059262,1.8860517192956572,1.8860852981122131,1.88604827773583
71,2.330020430241123,0.04095863869015427,0.010784005979076028,8.161320645670095,9.956206309337067e-06,1.8886506750072671,1.886022174551945,1.8860242566137586,1.8860583022007558,1.8860208442197242
72,2.330031536511535,0.04095903757712421,0.010884940857067704,8.161674066734982,9.951725498333449e-06,1.888677769707253,1.885994711380124,1.88599680513146,1.8860313135373152,1.8859934283100162
73,2.330042638069621,0.040959436274551335,0.010608077049255371,8.162034327612188,9.947027716509489e-06,1.8887048527563648,1.8859672611143456,1.885969365508036,1.8860043328340945,1.8859660305358603
74,2.3300537346882164,0.04095983477345571,0.010433399118483067,8.162380215494736,9.942113192828446e-06,1.888731923558592,1.8859398243329917,1.8859419383635505,1.8859773608087058,1.885938651425973
75,2.330064826113526,0.04096023306627949,0.01064876513555646,8.162742118944347,9.936982166817273e-06,1.8887589813891816,1.885912401603532,1.8859145242197497,1.8859503981707264,1.885911291511046
76,2.330075912160422,0.04096063114408755,0.010909738019108772,8.163092409488664,9.931634888554937e-06,1.8887860256443276,1.8858849935057878,1.8858871237015793,1.8859234456127496,1.885883951339428
77,2.330086992578364,0.04096102899801476,0.010750145884230733,8.16343901840099,9.926071618660238e-06,1.888813055681662,1.8858576006248864,1.885859737481402,1.8858965038287354,1.8858566314375382
78,2.3300980671193607,0.0409614266203498,0.010900008957833052,8.163803024247853,9.9202926282791e-06,1.8888400708452022,1.8858302235257094,1.885832366040468,1.8858695735180464,1.8858293323352509
79,2.3301091355866492,0.040961824003342,0.010922214016318321,8.164162867992903,9.914298199071363e-06,1.888867070429524,1.8858028627811363,1.8858050099315937,1.8858426553707217,1.8858020545587377
80,2.3301201977835877,0.040962221137207405,0.010888987919315696,8.16451839367881,9.908088623197049e-06,1.8888940538835677,1.885775518967711,1.885777669895844,1.885815750066408,1.8857747986543305
81,2.3301312534196135,0.040962618014448095,0.010359127074480057,8.164876147438491,9.901664203302126e-06,1.8889210205107552,1.8857481926593769,1.8857503464293188,1.885788858291982,1.885747565147883
82,2.3301423023077805,0.04096301462657372,0.010624150047078729,8.165224760480749,9.895025252503757e-06,1.8889479696813252,1.885720884433247,1.8857230401338043,1.8857619807289085,1.8857203545702885
83,2.33015334421537,0.04096341096562304,0.010836041998118162,8.165590737734222,9.888172094375035e-06,1.8889749007394205,1.8856935948563323,1.8856957515617419,1.8857351180511297,1.8856931674502027
84,2.3301643789330857,0.04096380702374606,0.010867472039535642,8.165945251552635,9.881105062929221e-06,1.8890018130854733,1.885666324493877,1.8856684811701958,1.8857082709438255,1.8856660043130782
85,2.3301754062531588,0.04096420279124615,0.010529272956773639,8.166297696327149,9.87382450260346e-06,1.8890287061355502,1.8856390739330613,1.8856412297352416,1.8856814400587611,1.8856388657094023
86,2.3301864258892,0.04096459826060769,0.010568860918283463,8.166648202458422,9.866330768241984e-06,1.8890555792179216,1.8856118437458496,1.8856139977393176,1.885654626070017,1.8856117521665525
87,2.3301974376514263,0.04096499342368233,0.010942562017589808,8.167012408828127,9.858624225078841e-06,1.8890824317377048,1.8855846344981344,1.885586785715877,1.8856278296368356,1.885584664209383
88,2.330208441317264,0.04096538827204116,0.011002982966601849,8.167356558061526,9.850705248720069e-06,1.8891092630632755,1.885557446771444,1.8855595942726529,1.8856010514154262,1.8855576023734215
89,2.3302194366556557,0.04096578279715449,0.010938872117549181,8.167714748625178,9.842574225125401e-06,1.8891360725979054,1.8855302811333547,1.8855324240142926,1.8855742920633947,1.885530567187284
90,2.3302304234284628,0.040966176990378717,0.010949581861495972,8.168060283083065,9.834231550589462e-06,1.8891628597258747,1.885503138165272,1.8855052755753023,1.8855475522257814,1.8855035591926754
91,2.3302414013944044,0.040966570844269266,0.010628561023622751,8.168421153328485,9.825677631722436e-06,1.8891896238129577,1.8854760184281116,1.8854781494135755,1.8855208325583597,1.8854765789117292
92,2.330252370362837,0.04096696434955379,0.010562091832980514,8.168766601596,9.816912885430259e-06,1.8892163643056046,1.8854489225058122,1.8854510462167866,1.8854941336944993,1.8854496268864305
93,2.3302633300612694,0.040967357498248765,0.01076359604485333,8.16912838058291,9.807937738894303e-06,1.8892430805619878,1.8854218509571516,1.8854239665671857,1.885467456283478,1.8854227036349875
94,2.330274280276132,0.040967750281523066,0.01083900616504252,8.169473760406028,9.798752629550547e-06,1.889269772026922,1.885394804362616,1.8853969110733155,1.8854408009612282,1.885395809697293
95,2.330285220753557,0.04096814269142622,0.010924088070169091,8.169821220381987,9.789358005068262e-06,1.8892964380899917,1.8853677832865021,1.8853698802700563,1.8854141683643375,1.8853689456015346
96,2.3302961512794873,0.0409685347199312,0.010958742816001177,8.170186038051979,9.779754323328192e-06,1.889323078142154,1.8853407882898097,1.885342874719128,1.8853875591268452,1.885342111867622
97,2.330307071635684,0.04096892635912742,0.010628115851432085,8.170545256614485,9.769942052400236e-06,1.889349691554459,1.8853138199377215,1.8853158949781852,1.8853609738803325,1.8853153090195305
98,2.3303179816100417,0.04096931760112722,0.011049946071580052,8.170904356034463,9.759921670520634e-06,1.8893762777676741,1.885286878786624,1.8852889415174547,1.8853344132623395,1.8852885375834303
99,2.330328880988276,0.04096970843729351,0.010858860099688172,8.17124012748077,9.749693666068666e-06,1.8894028361879185,1.885259965416957,1.8852620149844057,1.8853078778793386,1.885261798098737
100,2.330339769525114,0.04097009885913008,0.010950474999845028,8.171593430832775,9.739258537542836e-06,1.88942936620802,1.8852330803985027,1.885235116025597,1.8852813683506862,1.8852350910930966
101,2.3303506469821182,0.04097048885897626,0.010530347935855389,8.171946228329203,9.728616793536588e-06,1.8894558672256654,1.8852062242896641,1.8852082451381889,1.8852548852994564,1.885208417086237
102,2.3303615131553004,0.04097087842769373,0.010655485093593597,8.172296967396436,9.717768952713514e-06,1.8894823386743727,1.8851793976616742,1.8851814030503125,1.8852284293232788,1.885181776617607
103,2.3303723677767594,0.04097126755788053,0.010860197013244033,8.172647542112097,9.706715543782065e-06,1.889508779971201,1.8851526010655317,1.8851545901961482,1.8852020010499548,1.885155170199946
104,2.3303832106516618,0.040971656241427706,0.010912065161392093,8.172999891178163,9.695457105469805e-06,1.8895351905277724,1.8851258350655336,1.8851278071512694,1.8851756010857046,1.8851285983534378
105,2.3303940415551274,0.040972044470044086,0.010671137133613229,8.17334750949253,9.683994186497132e-06,1.8895615697942287,1.8850991002187505,1.885101054478162,1.8851492300431525,1.885102061600936
106,2.330404860253024,0.040972432235651425,0.010721882106736302,8.173704228854149,9.672327345550544e-06,1.8895879171823542,1.885072397078444,1.885074332762388,1.8851228885260853,1.8850755604604026
107,2.3304156665217652,0.040972819529553645,0.010877073975279927,8.17405548998309,9.66045715125541e-06,1.889614232153646,1.8850457262043554,1.8850476426401868,1.8850965771258297,1.8850490954626884
108,2.3304264601090434,0.04097320634468406,0.011000446043908596,8.174397443163583,9.648384182148252e-06,1.8896405140920056,1.8850190881496642,1.8850209845449615,1.885070296451112,1.8850226671133976
109,2.330437240834226,0.040973592672964555,0.010453487979248166,8.174748675522856,9.636109026648556e-06,1.8896667624345516,1.8849924834677265,1.8849943590349003,1.885044047100867,1.8849962759318073
110,2.330448008472053,0.040973978506474946,0.010618569096550345,8.17508866208194,9.623632283030079e-06,1.8896929765896222,1.884965912718022,1.8849677666833204,1.8850178296609115,1.884969922432943
111,2.3304587628039775,0.04097436383682968,0.010808754013851285,8.175445533541332,9.610954559391704e-06,1.8897191560365199,1.8849393764496036,1.8849412080664831,1.8849916447239632,1.8849436071361507
112,2.330469503588547,0.04097474865677819,0.010967849986627698,8.175791127364601,9.598076473627798e-06,1.889745300190161,1.884912875204325,1.884914683641681,1.884965492882885,1.8849173305480176
113,2.330480230635361,0.040975132957176676,0.010899976827204227,8.176145403086576,9.58499865339809e-06,1.8897714085267183,1.8848864095376507,1.8848881941386753,1.884939374715631,1.8848910931905645
114,2.3304909436703936,0.04097551673070677,0.010729219997301698,8.176483720773374,9.571721736097089e-06,1.889797480488366,1.884859979992562,1.8848617400011938,1.8849132908124087,1.8848648955650416
115,2.3305016424974845,0.04097589996928083,0.010545202996581793,8.176836811096244,9.558246368823013e-06,1.8898235155341714,1.8848335871087265,1.884835321804863,1.8848872417547657,1.884838738179267
116,2.330512326887458,0.04097628266480726,0.010681743966415524,8.17717740807217,9.544573208346252e-06,1.8898495130501909,1.8848072314479876,1.8848089402008332,1.8848612280999908,1.8848126215556245
117,2.330522996615213,0.040976664810156375,0.010815910995006561,8.177539713602256,9.530702921077358e-06,1.88987547249732,1.8847809135302247,1.8847825956080069,1.8848352504381911,1.884786546185415
118,2.330533651491056,0.04097704639710863,0.010979655897244811,8.17788169381675,9.516636183034565e-06,1.8899013933248483,1.8847546339096586,1.8847562886301152,1.8848093093300107,1.8847605125909956
119,2.330544291280746,0.04097742741767739,0.010778511175885797,8.178222965274312,9.50237367981084e-06,1.8899272749982903,1.8847283931256944,1.8847300198377577,1.884783405346849,1.8847345212677322
120,2.3305549157567045,0.0409778078641596,0.010420628124848008,8.178559001015149,9.487916106540466e-06,1.8899531170019488,1.884702191712055,1.8847037897258552,1.8847575390645703,1.8847085727114476
121,2.330565524702681,0.04097818772877566,0.010661175940185785,8.17890036676223,9.473264167865172e-06,1.889978918762933,1.884676030212566,1.884677598875993,1.8847317110381039,1.8846826674252053
122,2.3305761179020994,0.040978567003779075,0.010806791950017214,8.179245145458157,9.458418577899773e-06,1.8900046797703998,1.8846499091570101,1.884651447796966,1.8847059218334135,1.884656805907204
123,2.33058669513638,0.04097894568103434,0.010713692056015134,8.179586424076671,9.443380060197387e-06,1.8900303994870216,1.8846238290811832,1.8846253371055013,1.8846801720027424,1.8846309886612536
124,2.3305972561720063,0.04097932375312493,0.010467106942087412,8.179932869012859,9.428149347714144e-06,1.8900560773725503,1.884597790512697,1.8845992673016143,1.8846544621001267,1.884605216180649
125,2.330607800804858,0.040979701212302475,0.010535293025895953,8.180285835734747,9.412727182773487e-06,1.8900817128946523,1.8845717939717914,1.884573238948882,1.8846287926856469,1.8845794889503429
126,2.330618328816306,0.04098007805175225,0.01090165413916111,8.1806320096844,9.397114317029975e-06,1.8901073055355506,1.8845458399729595,1.8845472524180404,1.884603164327141,1.884553807450669
127,2.3306288400256734,0.04098045426256885,0.010722194099798799,8.18096741397748,9.381311511432659e-06,1.8901328548060765,1.8845199290562982,1.8845213084341175,1.884577577548906,1.8845281721884715
128,2.330639334162572,0.04098082983791906,0.010860413080081344,8.18129673896453,9.365319536187992e-06,1.8901583601108864,1.884494061750627,1.8844954074651694,1.8845520328949357,1.8845025836527174
129,2.330649811049825,0.04098120477070376,0.010462676174938679,8.181658884361353,9.34913917072228e-06,1.8901838209330124,1.8844682385618539,1.884469549969489,1.8845265309188217,1.8844770423118302
130,2.330660270492918,0.04098157905319764,0.010566500946879387,8.18199125042796,9.332771203643714e-06,1.8902092367673746,1.884442460018421,1.884443736488888,1.8845010721508464,1.8844515486556763
131,2.330670712270732,0.04098195267797518,0.010684870881959796,8.18232752228473,9.316216432703918e-06,1.8902346071043277,1.8844167266309264,1.88441796752827,1.8844756571365733,1.8844261031627385
132,2.330681136175218,0.040982325637255325,0.01085886382497847,8.182671443336146,9.29947566475907e-06,1.8902599314264332,1.8843910389122258,1.8843922436810352,1.8844502864052166,1.8844007063139043
133,2.33069154198297,0.04098269792385601,0.010327211115509272,8.183004723035511,9.28254971573058e-06,1.8902852092200986,1.8843653973796595,1.88436656541154,1.8844249604941048,1.884375358587441
134,2.3307019294957607,0.040983069530106206,0.010632051154971123,8.183344397336832,9.265439410565327e-06,1.890310439991579,1.884339802543322,1.884340933274753,1.8843996799260214,1.884350060462033
135,2.3307122984926867,0.04098344044899207,0.010840117931365967,8.183685980752365,9.248145583195449e-06,1.8903356232171677,1.8843142549046346,1.8843153477521422,1.884374445228636,1.8843248124046428
136,2.330722648781909,0.04098381067256304,0.010917165083810687,8.184011373501052,9.230669076497688e-06,1.8903607584488318,1.8842887549797358,1.8842898093895264,1.8843492569266824,1.8842996148927376
137,2.3307329801275003,0.04098418019382076,0.010595059022307396,8.184355474952321,9.213010742252328e-06,1.8903858451483044,1.8842633032710936,1.8842643186940546,1.8843241155362984,1.8842744683923387
138,2.3307432923383433,0.04098454900617434,0.010643410962074995,8.184692720480264,9.195171441101669e-06,1.8904108827890505,1.8842379002723952,1.8842388760909567,1.884299021579101,1.8842493733630865
139,2.3307535852393273,0.04098491710204107,0.01083315908908844,8.185023540482511,9.177152042508079e-06,1.8904358708887645,1.884212546490837,1.8842134821185283,1.8842739755665965,1.8842243302835766
140,2.3307638586121833,0.04098528447428207,0.010911326156929135,8.185359417326676,9.158953424711625e-06,1.8904608089580968,1.8841872424178503,1.8841881372821132,1.8842489780121516,1.8841993396027772
141,2.330774112254777,0.04098565111496648,0.010530684143304825,8.185682385754044,9.140576474687263e-06,1.8904856965369492,1.8841619885613974,1.8841628421727386,1.8842240294187322,1.8841744017933122
142,2.330784345931111,0.040986017017701604,0.010666993912309408,8.186028568067272,9.122022088101615e-06,1.8905105330818377,1.88413678540517,1.8841375972299326,1.8841991302935852,1.8841495173073777
143,2.330794559474564,0.04098638217553692,0.01083429902791977,8.18635132552861,9.1032911692693e-06,1.8905353181515847,1.8841116334366972,1.8841124028684593,1.8841742811515492,1.8841246865928283
144,2.3308047526875586,0.04098674658048859,0.010956423822790384,8.186693492138561,9.084384631108884e-06,1.8905600512942764,1.8840865331401422,1.8840872597341383,1.8841494824829688,1.8840999101041829
145,2.330814925329578,0.040987110226307674,0.0106283079367131,8.18703468194774,9.06530339509836e-06,1.8905847320209925,1.8840614849946558,1.8840621681808087,1.8841247347997305,1.8840751882857323
146,2.33082507723579,0.04098747310578858,0.010502845048904419,8.187363939198987,9.046048391230248e-06,1.8906093598061708,1.8840364894920658,1.8840371288065294,1.884100038578526,1.884050521585496
147,2.3308352082011474,0.040987835212078924,0.010627669049426913,8.187684651975092,9.02662055796628e-06,1.8906339342080154,1.8840115471113223,1.8840121420335918,1.8840753943206627,1.8840259104478216
148,2.3308453180315283,0.04098819653770388,0.010890922043472528,8.188007920176808,9.007020842191636e-06,1.890658454768611,1.8839866583363216,1.8839872084265052,1.8840508025096308,1.8840013553255592
149,2.3308554065075944,0.0409885570766645,0.01084515592083335,8.188357007780121,8.98725019916881e-06,1.8906829210237597,1.8839618236220088,1.8839623283151126,1.88402626364669,1.8839768566443367
150,2.3308654734713623,0.04098891682172221,0.010877575958147645,8.188676891649084,8.967309592491052e-06,1.890707332485318,1.8839370434552365,1.8839375022689884,1.8840017782009075,1.8839524148543199
151,2.3308755187140453,0.04098927576601548,0.01047208090312779,8.189007957961548,8.947199994035402e-06,1.8907316886749237,1.8839123183077542,1.8839127308015011,1.8839773466492953,1.8839280303854118
152,2.3308855420404955,0.04098963390241435,0.010789698921144009,8.18933327121341,8.926922383915316e-06,1.8907559891931585,1.8838876486413145,1.8838880143885162,1.8839529694750772,1.8839037036649031
153,2.330895543239724,0.040989991224267316,0.010915915947407484,8.189656855384436,8.906477750432904e-06,1.890780233572549,1.8838630349266405,1.8838633534892362,1.8839286471470265,1.883879435133118
154,2.3309055221258017,0.040990347725312404,0.01080684782937169,8.189989473455721,8.885867090030761e-06,1.8908044213316897,1.8838384776204402,1.8838387485356165,1.8839043801426916,1.8838552252053553
155,2.330915478527813,0.0409907033988749,0.010448863031342626,8.190322297843927,8.865091407243393e-06,1.890828552059963,1.8838139771723381,1.8838141999533786,1.8838801689361586,1.8838310743073312
156,2.330925412254507,0.040991058238598076,0.010458091041073203,8.190641527054247,8.844151714648274e-06,1.8908526252852451,1.8837895340438366,1.883789708190836,1.8838560139886498,1.8838069828557307
157,2.3309353231294123,0.04099141223738372,0.010687927016988397,8.190955349155118,8.823049032816478e-06,1.890876640569854,1.8837651487024192,1.8837652737771233,1.883831915753432,1.883782951288412
158,2.3309452109447357,0.04099176538866144,0.010891590965911746,8.191279053104552,8.801784390262945e-06,1.890900597475645,1.8837408215982183,1.8837408971810476,1.883807874690503,1.883758980013923
159,2.3309550755121466,0.04099211768675053,0.010403122054412961,8.191613430184315,8.780358823396352e-06,1.8909244955128308,1.8837165531672242,1.8837165787858685,1.8837838912589326,1.883735069434763
160,2.3309649166840787,0.04099246912432537,0.010669477982446551,8.191909360517831,8.758773376468606e-06,1.8909483343028948,1.8836923438790083,1.883692319108423,1.88375996590299,1.8837112199789188
161,2.3309747342372527,0.040992819695556765,0.010815168032422662,8.192259283390378,8.737029101523931e-06,1.8909721133728798,1.883668194155657,1.8836681185687776,1.8837360990766303,1.8836874320391903
162,2.3309845280158736,0.04099316939410002,0.010405923007056117,8.192568358836724,8.715127058347615e-06,1.8909958323099263,1.8836441044435426,1.883643977578563,1.8837122912222832,1.8836637060288333
163,2.33099429783911,0.04099351821322904,0.010616200976073742,8.192893261878176,8.693068314414345e-06,1.8910194907011961,1.883620075173718,1.8836198966507662,1.8836885427939503,1.8836400423362663
164,2.331004043508543,0.040993866147000235,0.01080893399193883,8.19321074089013,8.670853944836177e-06,1.891043088143551,1.883596106777898,1.8835958761376115,1.8836648542362984,1.8836164413584382
165,2.3310137648584197,0.040994213188461116,0.010740543017163873,8.193527106876491,8.648485032310147e-06,1.8910666242063014,1.8835721996969268,1.8835719166166076,1.883641225972967,1.883592903504138
166,2.3310234616821357,0.04099455933178349,0.010480397148057818,8.193847217235618,8.625962667065488e-06,1.8910900984856427,1.8835483543536715,1.8835480184369102,1.883617658445607,1.883569429164135
167,2.331033133818269,0.040994904571197005,0.010712184011936188,8.194158186534933,8.603287946810515e-06,1.8911135105476913,1.8835245711726911,1.8835241819841146,1.8835941520868307,1.8835460187250381
168,2.3310427811087715,0.04099524890041229,0.010501956101506948,8.194483468922918,8.5804619766791e-06,1.8911368599696636,1.8835008505747723,1.8835004077429431,1.8835707073170596,1.8835226725757628
169,2.3310524033724622,0.04099559231338213,0.010656071128323674,8.19480131368132,8.557485869176826e-06,1.8911601463331387,1.8834771929837568,1.8834766961415206,1.883547324557675,1.8834993911062663
170,2.331062000438511,0.04099593480380663,0.01089579495601356,8.195102185755205,8.534360744126755e-06,1.8911833693033393,1.8834535988115073,1.8834530475726816,1.883524004242035,1.8834761746887911
171,2.3310715721184985,0.04099627636599894,0.010903886053711176,8.195428066425087,8.511087728614863e-06,1.8912065284309194,1.8834300684706728,1.883429462466059,1.883500746781491,1.8834530237015756
172,2.331081118257049,0.04099661699372821,0.010625283932313323,8.195740504393648,8.487667956935089e-06,1.8912296233361394,1.8834066023719291,1.8834059412764685,1.883477552588439,1.8834299385179012
173,2.3310906386708297,0.040996956681326406,0.010889154858887196,8.196049052939186,8.464102570534063e-06,1.8912526536208363,1.8833832009254898,1.8833824843716684,1.8834544220776352,1.8834069195113061
174,2.331100133201373,0.04099729542288813,0.010615803068503737,8.196368314686529,8.440392717955476e-06,1.8912756188672037,1.8833598645329026,1.88335909221818,1.8834313556491866,1.8833839670487222
175,2.331109601680472,0.04099763321311899,0.010476527968421578,8.196672606012118,8.41653955478409e-06,1.8912985186920013,1.883336593592775,1.883335765112512,1.8834083537178214,1.883361081497564
176,2.3311190439641196,0.04099797004551468,0.010836069006472826,8.196999327938554,8.392544243589428e-06,1.8913213527501094,1.8833133885001285,1.883312503562957,1.8833854166748316,1.8833382632245321
177,2.3311284598539235,0.04099830591435709,0.010796789079904556,8.197299741000919,8.368407953869105e-06,1.891344120630136,1.8832902496594612,1.8832893080055781,1.883362544910316,1.883315512589903
178,2.3311378491871895,0.0409986408143349,0.010343518108129501,8.197607135913536,8.34413186199183e-06,1.8913668219381157,1.8832671774595624,1.8832661787899763,1.8833397388247306,1.883292829947881
179,2.3311472118180228,0.04099897474002635,0.01068402617238462,8.197909165632014,8.319717151140072e-06,1.8913894563176696,1.8832441722850801,1.8832431162567742,1.88331699881612,1.8832702156434855
180,2.331156547592297,0.04099930768619438,0.010892509017139673,8.198217847339874,8.295165011252398e-06,1.8914120233811669,1.8832212345232275,1.8832201207493495,1.883294325272147,1.883247670029368
181,2.3311658563656583,0.04099963964696791,0.01039141695946455,8.198524189310158,8.270476638965463e-06,1.8914345227928517,1.883198364554824,1.883197192689958,1.8832717185729262,1.8832251934510937
182,2.331175137962865,0.04099997061707831,0.0106860869564116,8.198834773392178,8.245653237555705e-06,1.8914569541869848,1.8831755627516826,1.8831743324315793,1.883249179101272,1.88320278625169
183,2.3311843922362265,0.04100030059119858,0.010755267925560474,8.19913610460846,8.220696016880687e-06,1.891479317205013,1.883152829489966,1.883151540324195,1.8832267072397988,1.8831804487752732
184,2.3311936190348317,0.04100062956309492,0.01082512503489852,8.199440945737184,8.195606193320137e-06,1.8915016114888434,1.883130165150011,1.8831288169062015,1.8832043033492345,1.8831581813668363
185,2.331202818168607,0.04100095752784879,0.010370834963396192,8.199744946640923,8.170384989716657e-06,1.8915238366625842,1.8831075700968842,1.883106162512906,1.883181967801526,1.8831359843494968
186,2.3312119895020116,0.04100128447953106,0.010771119967103004,8.200045450663197,8.14503363531613e-06,1.8915459923782785,1.8830850447005392,1.8830835776256476,1.8831597009546528,1.8831138580685132
187,2.3312211328574026,0.04100161041411373,0.010919468943029642,8.200346789096091,8.119553365707802e-06,1.8915680783091946,1.8830625893116555,1.8830610623662558,1.8831375031905062,1.8830918028360877
188,2.3312302481334615,0.041001935325735143,0.010497153969481587,8.200651600258691,8.09394542276407e-06,1.8915900940856134,1.8830402042944758,1.8830386172614457,1.8831153748531293,1.8830698189846697
189,2.3312393351545126,0.04100225920864863,0.010711221024394035,8.200952943406676,8.068211054579944e-06,1.8916120394205518,1.8830178900030359,1.8830162427242487,1.8830933162987864,1.88304790683658
190,2.3312483937440134,0.04100258205871074,0.010582073824480176,8.201248731928686,8.042351515412222e-06,1.891633913932566,1.8829956467860418,1.882993938991171,1.883071327888591,1.8830260666998075
191,2.331257423797778,0.04100290387102093,0.010746608022600412,8.201545823979128,8.016368065618363e-06,1.891655717261134,1.882973474997403,1.8829717064211762,1.8830494099604829,1.883004298896546
192,2.331266425178562,0.04100322464059224,0.010363096138462424,8.2018347069198,7.99026197159505e-06,1.8916774491084707,1.8829513749761408,1.8829495453238922,1.8830275628740853,1.882982603732592
193,2.3312753977414684,0.04100354436220617,0.010810038074851036,8.2021393479316,7.964034505716478e-06,1.8916991091526374,1.8829293470631165,1.8829274561129679,1.8830057869631733,1.8829609815060924
194,2.331284341330423,0.04100386303112122,0.010842995950952172,8.202437711605244,7.93768694627233e-06,1.8917206970838205,1.8829073915918524,1.8829054390737638,1.8829840825734718,1.8829394325346804
195,2.3312932558125965,0.04100418064198844,0.010736106894910336,8.202718991245288,7.911220577405485e-06,1.8917422126053254,1.8828855089082204,1.8828834946203494,1.8829624500277538,1.8829179571157764
196,2.331302141023989,0.0410044971908685,0.010403166990727186,8.203021479930415,7.884636689049425e-06,1.89176365534189,1.8828636993338614,1.8828616230164654,1.8829408896613173,1.8828965555364428
197,2.3313109968655783,0.04100481267227139,0.010839611059054732,8.203308038008872,7.857936576865356e-06,1.8917850250408026,1.8828419632003546,1.882839824657936,1.8829194017990785,1.8828752280990249
198,2.3313198231658774,0.04100512708216327,0.010774479946121573,8.203596807867859,7.831121542179087e-06,1.891806321403262,1.882820300833804,1.8828180997318458,1.8828979867652746,1.8828539750990185
199,2.331328619817256,0.04100544041563413,0.01047545694746077,8.203897049292438,7.804192891917572e-06,1.8918275440957664,1.8827987125397039,1.8827964486773763,1.8828766448881322,1.882832796805577
200,2.3313373866751244,0.04100575266787209,0.01081194099970162,8.204177275766735,7.777151938545238e-06,1.8918486928160392,1.8827771986464084,1.8827748718524904,1.8828553764746705,1.8828116935100898
201,2.331346123597463,0.041006063834877995,0.010519545990973711,8.20446791952083,7.75e-06,1.8918697672525528,1.8827557594618907,1.8827533694991092,1.8828341818416836,1.8827906654874809
202,2.331354830476649,0.04100637391170323,0.010720039019361138,8.20476185411055,7.72273839962904e-06,1.891890767120481,1.8827343952944957,1.8827319420182713,1.8828130612898366,1.8827697130177143
203,2.331363507162876,0.04100668289372881,0.01091101416386664,8.205044550761373,7.695368466124298e-06,1.8919116921406065,1.8827131064528284,1.8827105897405934,1.8827920151272246,1.8827488363737284
204,2.331372153519363,0.0410069907769272,0.010388042079284787,8.205323376579335,7.667891533457718e-06,1.8919325420195467,1.8826918932404828,1.882689312921537,1.8827710436519776,1.882728035822803
205,2.331380769433974,0.0410072975573937,0.010816556867212057,8.205614267799417,7.64030894081624e-06,1.8919533164782718,1.8826707559464002,1.8826681117896584,1.882750147168411,1.8827073116274728
206,2.3313893547995503,0.041007603229971275,0.01091940188780427,8.2058961166243,7.612622032536508e-06,1.8919740152536493,1.8826496948745712,1.8826469867904079,1.8827293259614473,1.8826866640561453
207,2.331397909453646,0.04100790779092829,0.010447639040648937,8.206185479516568,7.584832158039379e-06,1.891994638037658,1.8826287103085833,1.882625938179998,1.8827085803246497,1.8826660933615553
208,2.331406433296624,0.041008211236071686,0.010911891935393214,8.206460277411118,7.556940671764125e-06,1.8920151845743052,1.8826078025389796,1.8826049662395128,1.882687910541499,1.8826455997990803
209,2.3314149262051083,0.041008513561596245,0.010980140184983611,8.20674647837177,7.528948933102439e-06,1.8920356545771835,1.8825869718451884,1.882584071232592,1.8826673168937023,1.8826251836176193
210,2.3314233880737483,0.04100881476331808,0.010487817926332355,8.207014495751732,7.500858306332174e-06,1.892056047798905,1.8825662185124887,1.882563253444345,1.8826467996596843,1.8826048450665518
211,2.331431818778118,0.041009114837919365,0.010749379871413112,8.207306768855153,7.472670160550849e-06,1.892076363944631,1.8825455428060183,1.8825425130797921,1.8826263591208268,1.882584584385676
212,2.3314402182335257,0.04100941378108879,0.010881511960178614,8.207571791112859,7.444385869608921e-06,1.892096602812273,1.8825249449987265,1.8825218504244867,1.8826059955501893,1.8825644018109344
213,2.331448586305737,0.041009711588078465,0.010510921943932772,8.20784740360537,7.416006812042827e-06,1.892116764152937,1.8825044253704315,1.8825012659069191,1.8825857092014981,1.882544297587271
214,2.3314569228450304,0.04101000825587852,0.010813478147611022,8.208134213678898,7.387534371007798e-06,1.8921368476798972,1.8824839841724932,1.8824807597002957,1.882565500343242,1.8825242719443958
215,2.3314652277776657,0.041010303780337855,0.01090631983242929,8.208407977839276,7.358969934210439e-06,1.8921568531736717,1.8824636216676418,1.8824603321140807,1.8825453692339729,1.8825043251093834
216,2.33147350097566,0.04101059815775725,0.010535669978708029,8.208682672022809,7.330314893841102e-06,1.8921767803710035,1.8824433381162502,1.8824399834372698,1.882525316120872,1.8824844573103425
217,2.3314817423329073,0.04101089138451399,0.010896870866417885,8.208953871337462,7.301570646506028e-06,1.8921966290316241,1.8824231337724748,1.8824197139242536,1.8825053412523438,1.8824646687727467
218,2.331489951744615,0.041011183456766506,0.010673078941181302,8.209224179680385,7.272738593159281e-06,1.8922163989386729,1.8824030088815955,1.8823995238578135,1.8824854448844603,1.8824449597083055
219,2.3314981290946397,0.04101147437170328,0.010764176025986671,8.209499441736293,7.243820139034464e-06,1.8922360898614705,1.8823829636826683,1.8823794133598102,1.8824656272627531,1.882425330326824
220,2.3315062743102986,0.04101176412530832,0.010769170010462403,8.209760721944178,7.214816693576234e-06,1.8922557015790535,1.8823629984252277,1.8823593827633842,1.8824458886182727,1.8824057808481183
221,2.3315143872676765,0.04101205271468763,0.010871454142034054,8.210039513479995,7.185729670371604e-06,1.8922752338838655,1.8823431133342803,1.882339432208191,1.8824262291991696,1.882386311463333
222,2.3315224678875204,0.041012340135849756,0.01094850292429328,8.210294936361379,7.156560487081052e-06,1.892294686551318,1.8823233086574191,1.8823195620393078,1.8824066492217209,1.8823669223966788
223,2.3315305160469264,0.041012626386421086,0.010649773059412837,8.210570399583073,7.127310565369416e-06,1.892314059351537,1.882303584610886,1.882299772352306,1.8823871489257291,1.8823476138281645
224,2.331538531688555,0.041012911462808804,0.010966985952109098,8.210831753375343,7.097981330836617e-06,1.8923333520637946,1.882283941424196,1.8822800634471992,1.8823677285312894,1.882328385960823
225,2.3315465147042307,0.04101319536157074,0.010479165939614177,8.211096193599966,7.068574212948169e-06,1.8923525645238652,1.882264379318104,1.8822604355483727,1.88234838825765,1.8823092389856342
226,2.3315544649873745,0.041013478080128826,0.010942758060991764,8.211370030051187,7.0390906449655104e-06,1.8923716964910997,1.8822448985027176,1.8822408888304438,1.8823291283237633,1.882290173082348
227,2.3315623824715854,0.04101375961511347,0.01102591515518725,8.211634076564499,7.009532063876149e-06,1.8923907477608068,1.8822254991935359,1.8822214235783368,1.8823099489372352,1.8822711884331604
228,2.3315702670545284,0.041014039963216516,0.01067326101474464,8.211883137062202,6.979899910323626e-06,1.8924097181559554,1.8822061816069207,1.88220204002897,1.882290850302604,1.8822522852253116
229,2.331578118634622,0.04101431912194828,0.010751088848337531,8.212151757263756,6.950195628537301e-06,1.8924286074952084,1.8821869459350382,1.88218273830251,1.882271832635366,1.8822334636259468
230,2.331585937144535,0.04101459708765078,0.010652609867975116,8.21241138930788,6.920420666261962e-06,1.8924474155944249,1.8821677923893798,1.8821635187352872,1.8822528961199578,1.882214723822913
231,2.331593722467789,0.04101487385776789,0.010546949924901128,8.212666830430333,6.890576474687264e-06,1.8924661422740472,1.8821487211631234,1.8821443814787078,1.8822340409593308,1.882196065973398
232,2.331601474531916,0.04101514942925753,0.010868429904803634,8.212915162361266,6.8606645083770015e-06,1.8924847873686867,1.8821297324556432,1.8821253267584364,1.8822152673401555,1.8821774902455626
233,2.3316091932431973,0.041015423799468056,0.010952107142657042,8.213176429672904,6.830686225198211e-06,1.8925033506618076,1.882110826455626,1.8821063548006032,1.8821965754450256,1.8821589968100128
234,2.3316168785283646,0.04101569696651881,0.01049827504903078,8.213433164346592,6.8006430862501224e-06,1.8925218319775123,1.882092003342681,1.8820874656622966,1.8821779654661652,1.8821405858092095
235,2.3316245303411223,0.041015968927854814,0.01086416095495224,8.21369332485767,6.770536555792945e-06,1.8925402311420627,1.882073263293495,1.8820686595311342,1.8821594375832187,1.882122257396749
236,2.3316321486077416,0.04101623967967396,0.010944262845441699,8.213939699100907,6.740368101176498e-06,1.8925585480473017,1.8820546064950938,1.8820499367508359,1.8821409919589427,1.8821040117341965
237,2.331639733196993,0.041016509220226274,0.010696067940443754,8.214194494999473,6.710139192768696e-06,1.8925767825170956,1.8820360331125732,1.882031297389726,1.8821226287744313,1.8820858489538517
238,2.331647284066943,0.04101677754741323,0.010816942900419235,8.214453127587376,6.679851303883892e-06,1.892594934412069,1.8820175433057975,1.8820127415461942,1.8821043482062327,1.8820677691897931
239,2.3316548011585843,0.04101704465840297,0.010872159153223038,8.21469257325509,6.649505910711058e-06,1.8926130035628304,1.8819991372532239,1.881994269486743,1.8820861503995132,1.8820497725960044
240,2.331662284384227,0.04101731055097838,0.010828168131411076,8.214937564571827,6.619104492241847e-06,1.8926309898367581,1.8819808151093933,1.8819758813489034,1.8820680355234585,1.882031859294108
241,2.3316697336775234,0.041017575223067516,0.01058228500187397,8.215198939623981,6.588648530198505e-06,1.8926488930708207,1.8819625770266815,1.881957577287711,1.8820500037328671,1.8820140294140697
242,2.331677148981008,0.04101783867166289,0.010798733914270997,8.21542989172092,6.558139508961655e-06,1.8926667131517219,1.8819444231704132,1.881939357571223,1.8820320551645073,1.8819962830951544
243,2.3316845301937215,0.041018100895211275,0.01086257491260767,8.215697211719702,6.527578915497952e-06,1.8926844499332307,1.8819263536759432,1.8819212222712214,1.882014189969158,1.8819786204525708
244,2.3316918772774313,0.041018361891706163,0.01054541184566915,8.21592925246532,6.496968239287604e-06,1.8927021032672222,1.8819083686914042,1.8819031715449732,1.881996408293531,1.881961041595004
245,2.331699190173169,0.04101862165938246,0.010935839964076877,8.216165226151594,6.466308972251786e-06,1.89271967301508,1.8818904683581779,1.8818852055006252,1.881978710273278,1.8819435466410062
246,2.331706468832395,0.04101888019628234,0.010859308997169137,8.216418692736902,6.4356026086799176e-06,1.892737159089488,1.8818726528026801,1.88186732424156,1.881961096050408,1.8819261356974397
247,2.331713713194678,0.04101913750068011,0.010791176930069923,8.216662987269027,6.4048506451568416e-06,1.8927545613319499,1.8818549221570031,1.8818495279258605,1.881943565750577,1.8819088088684528
248,2.3317209232126856,0.04101939356981229,0.010393050033599138,8.216893942954892,6.374054580489874e-06,1.8927718796691182,1.8818372765573463,1.8818318167956958,1.881926119493248,1.8818915662708164
249,2.3317280987903946,0.04101964840154766,0.010903252987191081,8.217124863043574,6.343215915635761e-06,1.8927891140032949,1.8818197161331307,1.8818141910298247,1.881908757391921,1.8818744080060843
250,2.3317352398583577,0.041019901994910485,0.010725070023909211,8.217369550028316,6.31233615362752e-06,1.8928062642073138,1.8818022409923494,1.8817966506519719,1.8818914795747312,1.8818573341537776
251,2.331742346396652,0.04102015434830109,0.010479995980858803,8.21760451648609,6.281416799501188e-06,1.8928233301830648,1.8817848512507076,1.8817791957616832,1.8818742861525397,1.881840344810671
252,2.331749418357881,0.04102040546061866,0.011011365102604032,8.217856824909973,6.25045936022246e-06,1.8928403118164525,1.8817675470110398,1.8817618264095781,1.8818571772403214,1.881823440055603
253,2.33175645571533,0.04102065533041329,0.010989191010594368,8.21807538238397,6.219465344613258e-06,1.892857208993203,1.8817503283857293,1.881744542715609,1.8818401529378292,1.8818066199697172
254,2.331763458426504,0.041020903955723505,0.010596041101962328,8.218303788824288,6.188436263278172e-06,1.892874021664023,1.881733195477384,1.8817273448251082,1.8818232133495612,1.8817898846330414
255,2.3317704264238355,0.04102115133515431,0.010868175886571407,8.218551478010165,6.157373628530853e-06,1.8928907497544494,1.881716148374135,1.8817102328344293,1.8818063585745077,1.8817732341174098
256,2.3317773596642213,0.04102139746760675,0.01064680004492402,8.218763623159347,6.126278954320295e-06,1.8929073931554037,1.8816991871812552,1.8816932068193954,1.8817895886990665,1.8817566684950726
257,2.3317842581181996,0.041021642351876816,0.011059063952416182,8.218997345857723,6.095153756157053e-06,1.8929239517705045,1.8816823119868722,1.8816762668839866,1.8817729038090645,1.88174018783311
258,2.3317911217507192,0.041021885986339886,0.010720077902078629,8.219233409232077,6.06399955103937e-06,1.8929404255316309,1.8816655228765162,1.881659413187615,1.8817563039832381,1.881723792198656
259,2.331797950507257,0.04102212837020168,0.010730190901085734,8.219451194305165,6.032817857379255e-06,1.892956814385248,1.881648819927779,1.8816426457275681,1.8817397893097785,1.8817074816436008
260,2.3318047443660497,0.04102236950182906,0.010799385141581297,8.219681048969967,6.001610194928465e-06,1.8929731182892906,1.8816322032202868,1.8816259646564235,1.8817233598599332,1.8816912562250463
261,2.3318115032688382,0.041022609380840534,0.010620274115353823,8.21991366890684,5.970378084704441e-06,1.8929893371156967,1.8816156728258462,1.8816093700135337,1.8817070156980433,1.8816751159938632
262,2.3318182272148515,0.041022848006041106,0.010897705098614097,8.220134330325092,5.939123048916173e-06,1.8930054708207666,1.881599228810461,1.8815928618909206,1.881690756893454,1.8816590610021933
263,2.331824916164285,0.041023085375887156,0.010580176021903753,8.220358108906144,5.907846610890011e-06,1.8930215193991022,1.8815828712374507,1.8815764404135762,1.881674583511911,1.8816430912952085
264,2.331831570059267,0.041023321490007175,0.010985455941408873,8.220571801324144,5.87655029499542e-06,1.8930374827760839,1.8815666001685991,1.8815601055927071,1.8816584956110347,1.881627206901407
265,2.3318381888929394,0.041023556348186,0.010953899938613176,8.220813578589054,5.845235626570686e-06,1.8930533609174038,1.881550415644338,1.8815438573744057,1.881642493258013,1.8816114078487767
266,2.3318447726641147,0.041023789948812193,0.01076025702059269,8.221015521617748,5.813904131848565e-06,1.8930691538038797,1.881534317727266,1.8815276959458784,1.8816265764948643,1.8815956941734706
267,2.331851321310347,0.04102402229130211,0.010743312072008848,8.221241843319783,5.782557337881911e-06,1.8930848613856515,1.8815183064615217,1.8815116213661336,1.8816107453647921,1.8815800658989625
268,2.3318578348136323,0.041024253375330035,0.010960757965222001,8.221455972927842,5.7511967724692374e-06,1.8931004836007053,1.8815023818916936,1.8814956336576947,1.8815949999090078,1.8815645230524414
269,2.3318643131680457,0.041024483200529725,0.01111582899466157,8.221677229615041,5.719823964080261e-06,1.893116020436283,1.881486544052125,1.8814797328185282,1.881579340165464,1.8815490656469995
270,2.3318707563611287,0.041024711766147186,0.01049608993344009,8.22188685124623,5.688440441781399e-06,1.8931314718590857,1.8814707929804573,1.8814639189392914,1.8815637661645181,1.8815336937061946
271,2.331877164366308,0.041024939071932255,0.01092065591365099,8.222098897723049,5.657047735161255e-06,1.8931468378625937,1.8814551287064423,1.8814481920073396,1.8815482779353394,1.881518407237214
272,2.331883537174514,0.0410251651178091,0.01048883586190641,8.222319894311092,5.6256473742560615e-06,1.8931621184109244,1.8814395512513142,1.8814325520206745,1.8815328755073102,1.8815032062477655
273,2.3318898747863797,0.041025389903236,0.010866756085306406,8.222521983577268,5.594240889475107e-06,1.8931773135199905,1.8814240606358492,1.8814169990231886,1.8815175589021078,1.8814880907330882
274,2.331896177177684,0.04102561342797634,0.010643573943525553,8.222738124773485,5.562829811526155e-06,1.8931924231556807,1.8814086568810533,1.8814015330671934,1.8815023281289578,1.8814730606947292
275,2.3319024443402223,0.041025835691940085,0.010943125933408737,8.222941446020585,5.531415671340827e-06,1.8932074473073812,1.8813933399998939,1.8813861541625296,1.8814871831992754,1.8814581161262651
276,2.331908676269831,0.04102605669430147,0.010761709185317159,8.223153871602896,5.500000000000001e-06,1.8932223860178674,1.8813781100017655,1.8813708624012295,1.8814721241183183,1.881443257024356
277,2.331914872928214,0.04102627643581558,0.010464563965797424,8.223371073102355,5.468584328659173e-06,1.8932372392538808,1.8813629668824574,1.881355657690315,1.881457150896233,1.8814284833706778
278,2.3319210343475927,0.041026494916458156,0.010925339069217443,8.223563700467672,5.437170188473847e-06,1.893252007022753,1.8813479106482998,1.881340540041623,1.8814422635272243,1.8814137951457643
279,2.331927160523096,0.041026712135865194,0.010924972128123045,8.22376885645429,5.405759110524895e-06,1.8932666893538954,1.88133294129661,1.8813255095142254,1.8814274620049514,1.8813991923308708
280,2.3319332514344113,0.04102692809463514,0.010617242194712162,8.22397578060847,5.3743526257439416e-06,1.8932812862527582,1.8813180588123883,1.8813105660313594,1.8814127463273322,1.8813846748972032
281,2.331939307103146,0.041027142792164364,0.010822409065440297,8.224178257438783,5.342952264838746e-06,1.8932957977791594,1.881303263188691,1.8812957096853493,1.8813981164694606,1.881370242824037
282,2.3319453274958373,0.04102735622916455,0.010915026068687439,8.22438152826437,5.3115595582186016e-06,1.8933102239464432,1.8812885544019378,1.8812809403989987,1.8813835724215915,1.8813558960677559
283,2.3319513126361375,0.0410275684061663,0.010499640833586454,8.224581827483895,5.280176035919741e-06,1.8933245647516481,1.8812739324339562,1.8812662581538369,1.8813691141565836,1.8813416345918903
284,2.33195726254094,0.041027779323315826,0.01095875003375113,8.22478099509988,5.248803227530763e-06,1.893338820266468,1.881259397254201,1.8812516629225593,1.881354741656469,1.881327458355303
285,2.3319631772064153,0.04102798898104269,0.010774547001346946,8.224964343199453,5.217442662118091e-06,1.8933529905090363,1.8812449488370813,1.8812371547010653,1.8813404548860353,1.8813133673162747
286,2.33196905664294,0.041028197380317225,0.010810957057401538,8.225178984769022,5.186095868151436e-06,1.8933670754947474,1.8812305871438382,1.8812227334102702,1.881326253812475,1.881299361419301
287,2.3319749008827273,0.04102840452156708,0.01084884605370462,8.225366505666615,5.154764373429317e-06,1.8933810752752178,1.8812163121395722,1.8812083990310202,1.8813121383897096,1.8812854406176376
288,2.3319807099330006,0.04102861040539775,0.010619540000334382,8.22555502416561,5.123449705004582e-06,1.893394989931883,1.8812021237787115,1.881194151490424,1.8812981085846925,1.881271604845976
289,2.3319864838052626,0.041028815032656325,0.010962774977087975,8.22575473269691,5.092153389109991e-06,1.8934088194967806,1.8811880220136,1.8811799907466435,1.8812841643447094,1.881257854043421
290,2.331992222524148,0.041029018403947126,0.010554646840319037,8.22595333523071,5.060876951083828e-06,1.8934225640268545,1.881174006791119,1.881165916781794,1.881270305619447,1.881244188144364
291,2.331997926101934,0.04102922051991655,0.010903585003688931,8.22615068266042,5.02962191529556e-06,1.8934362236078581,1.881160078049457,1.8811519295526813,1.8812565323563784,1.8812306070765565
292,2.3320035945504753,0.04102942138169693,0.010969768976792693,8.226326025385344,4.998389805071535e-06,1.8934497982897804,1.8811462357364064,1.8811380289599045,1.881242844494025,1.8812171107736924
293,2.332009227903985,0.041029620990193645,0.01048465701751411,8.226520914816376,4.967182142620746e-06,1.8934632881242444,1.8811324797874323,1.881124214978693,1.8812292419611447,1.881203699158088
294,2.332014826185596,0.0410298193458215,0.011051097884774208,8.22669476570893,4.936000448960632e-06,1.8934766932319609,1.881118810137783,1.8811104875889004,1.8812157246892818,1.881190372154688
295,2.332020389393915,0.04103001645040587,0.010650004027411342,8.226893959171276,4.90484624384295e-06,1.8934900136640846,1.8811052267076696,1.8810968466209725,1.881202292612087,1.8811771296664053
296,2.332025917589318,0.041030212304967596,0.01089947996661067,8.227069817731056,4.8737210456797054e-06,1.8935032495054458,1.8810917294207743,1.881083292014087,1.8811889456542654,1.8811639716052595
297,2.332031410796553,0.04103040691020774,0.010651004035025835,8.227257774558307,4.842626371469149e-06,1.8935164008686454,1.8810783181953843,1.881069823747814,1.8811756837330975,1.8811508978830032
298,2.3320368690249453,0.041030600267790644,0.01094750501215458,8.227441852287498,4.811563736721829e-06,1.8935294678161991,1.8810649929446355,1.881056441703747,1.8811625067632267,1.8811379083939364
299,2.33204229232546,0.04103079237880034,0.010834645014256239,8.227620373765255,4.780534655386744e-06,1.893542450442708,1.8810517535831865,1.88104314582926,1.8811494146513104,1.8811250030448876
300,2.33204768072362,0.04103098324459532,0.010620960965752602,8.227797930556859,4.74954063977754e-06,1.893555348861594,1.8810386000131887,1.8810299360205038,1.8811364073110406,1.8811121817243368
301,2.332053034253788,0.04103117286658308,0.011053733993321657,8.227983428190928,4.718583200498814e-06,1.8935681631737775,1.8810255321361764,1.88101681218894,1.8811234846394465,1.8810994443284994
302,2.332058352953467,0.04103136124640328,0.010920471046119928,8.228158135002884,4.687663846372481e-06,1.893580893462514,1.8810125498512436,1.8810037742382995,1.8811106465326515,1.8810867907415119
303,2.332063636869302,0.0410315483857192,0.010390330106019974,8.228341254559489,4.65678408436424e-06,1.8935935398363681,1.8809996530504078,1.8809908220455593,1.8810978928869373,1.8810742208462927
304,2.3320688860476175,0.04103173428618528,0.01088129379786551,8.228512157743163,4.625945419510126e-06,1.8936061024247584,1.8809868416199647,1.8809779554812203,1.8810852235929432,1.8810617345198908
305,2.332074100532106,0.04103191894953884,0.010776633862406015,8.22868789138414,4.595149354843159e-06,1.8936185813234903,1.880974115448423,1.880965174445153,1.8810726385352792,1.881049331638528
306,2.3320792803716097,0.0410321023777714,0.010753089794889092,8.22886973468569,4.564397391320083e-06,1.8936309766604797,1.880961474408332,1.880952478772299,1.881060137600528,1.8810370120704891
307,2.332084425623452,0.04103228457246452,0.010597581043839455,8.229044453773083,4.533691027748216e-06,1.8936432885653476,1.8809489183777768,1.8809398683803515,1.8810477206638345,1.8810247756826224
308,2.332089536326364,0.04103246553528055,0.011025016894564033,8.229211459871035,4.503031760712399e-06,1.8936555171873806,1.8809364472287724,1.8809273431556528,1.8810353875988215,1.881012622341745
309,2.332094612521424,0.04103264526838343,0.010831358144059777,8.229370906409315,4.4724210845020495e-06,1.8936676626443147,1.880924060834099,1.88091490293796,1.8810231382742688,1.8810005519076467
310,2.3320996542716323,0.0410328237734663,0.010879975045099854,8.229555096875329,4.441860491038346e-06,1.8936797251148147,1.8809117590507365,1.8809025476076155,1.8810109725566668,1.8809885642338489
311,2.332104661616027,0.04103300105266138,0.010612822137773037,8.229719012040627,4.4113514698014955e-06,1.8936917047067816,1.880899541744102,1.8808902770444058,1.8809988903038715,1.8809766591763395
312,2.3321096346161294,0.04103317710809607,0.01096190302632749,8.229890846751816,4.380895507758154e-06,1.8937036015835738,1.8808874087656595,1.8808780910881193,1.8809868913728105,1.8809648365798473
313,2.3321145733286612,0.04103335194173855,0.010590359102934599,8.23005177428362,4.350494089288943e-06,1.8937154158842506,1.8808753599697465,1.8808659896413318,1.8809749756131107,1.8809530962902674
314,2.332119477804983,0.04103352555568503,0.011001587146893144,8.230205543625864,4.320148696116109e-06,1.8937271477780555,1.8808633952080973,1.880853972549478,1.8809631428740776,1.880941438152668
315,2.332124348099846,0.041033697952532144,0.010663992958143353,8.230376357382212,4.2898608072313035e-06,1.89373879740451,1.880851514318089,1.8808420396334093,1.8809513930007011,1.880929861996085
316,2.3321291842891783,0.04103386913489031,0.010914766928181052,8.230546043959723,4.259631898823504e-06,1.8937503649207021,1.8808397171365543,1.8808301906904508,1.8809397258358171,1.880918367651926
317,2.3321339864486803,0.041034039105134895,0.010966271162033081,8.230704523504528,4.229463444207056e-06,1.8937618504964264,1.8808280034996958,1.8808184255551292,1.8809281412178418,1.8809069549486082
318,2.332138754642663,0.04103420786535615,0.010730267968028784,8.230861392658298,4.199356913749878e-06,1.8937732543079189,1.8808163732388894,1.8808067441261025,1.8809166389729028,1.8808956237139371
319,2.332143488922384,0.041034375418162725,0.010857030050829053,8.231018694132175,4.169313774801791e-06,1.8937845765388461,1.880804826179732,1.8807951462002863,1.8809052189357516,1.8808843737670269
320,2.332148189360257,0.041034541765908206,0.010578054003417492,8.231177068940196,4.139335491623001e-06,1.8937958173712393,1.880793362146628,1.8807836316389759,1.8808938809256173,1.8808732049296852
321,2.3321528560173754,0.041034706911568714,0.011006733868271112,8.231342975858073,4.109423525312737e-06,1.8938069769498538,1.8807819809567543,1.8807722002492075,1.8808826247602173,1.8808621170132942
322,2.3321574889823267,0.04103487085749782,0.010663138004019856,8.231478564114443,4.07957933373804e-06,1.8938180555073305,1.8807706824272885,1.8807608518499326,1.8808714502591963,1.8808511098273037
323,2.332162088311844,0.04103503360686466,0.010963869048282504,8.2316408112824,4.0498043714627015e-06,1.893829053216923,1.8807594663634852,1.8807495862009165,1.8808603572396405,1.8808401831717199
324,2.332166654099806,0.04103519516245295,0.010862857103347778,8.231793685484885,4.020100089676376e-06,1.8938399702702133,1.8807483325732028,1.8807384031191978,1.8808493455049125,1.8808293368512985
325,2.332171186422495,0.04103535552718047,0.010483507998287678,8.231949893281403,3.990467936123853e-06,1.893850806866531,1.8807372808554297,1.8807273023982707,1.8808384148639758,1.8808185706629443
326,2.3321756853609266,0.0410355147042114,0.011039373930543661,8.232101588188053,3.960909355034491e-06,1.893861563183313,1.8807263110076795,1.8807162838236822,1.8808275651163,1.8808078844019036
327,2.332180151007355,0.04103567269613697,0.010644137160852551,8.23225085562797,3.931425787051832e-06,1.893872239446017,1.8807154228261702,1.8807053472434354,1.8808167960551112,1.8807972778590925
328,2.3321845834257893,0.04103582950592174,0.010712848976254463,8.23240255931989,3.902018669163383e-06,1.893882835878634,1.8807046160994985,1.8806944924487727,1.8808061074742355,1.8807867508200733
329,2.3321889826958553,0.0410359851368818,0.01072646607644856,8.232550123160562,3.8726894346305845e-06,1.8938933526863124,1.8806938906128523,1.8806837191943466,1.8807954991635454,1.8807763030703697
330,2.3321933489129156,0.04103613959192318,0.010999866062775254,8.232680326711913,3.843439512918951e-06,1.8939037900956808,1.8806832461537997,1.8806730272988461,1.8807849709027167,1.8807659343907472
331,2.3321976821526276,0.04103629287424876,0.010646268026903272,8.23282778851366,3.8142703296283967e-06,1.8939141483186797,1.8806726825000515,1.880662416555935,1.8807745224728054,1.8807556445571194
332,2.332201982503823,0.041036444987518766,0.010987545130774379,8.232982585313241,3.785183306423768e-06,1.8939244275769718,1.8806621994183443,1.88065188668103,1.8807641536565767,1.8807454333341502
333,2.3322062500730247,0.04103659593508019,0.010800809133797884,8.233131184875694,3.7561798609655374e-06,1.8939346280803842,1.8806517966798906,1.8806414374676306,1.880753864221974,1.8807353004924487
334,2.332210484954204,0.04103674572018524,0.010528005892410874,8.233270104049035,3.7272614068407203e-06,1.893944750077108,1.8806414740516055,1.8806310686880434,1.8807436539389062,1.8807252457977157
335,2.3322146872344116,0.04103689434619072,0.01084798201918602,8.23341233034941,3.6984293534939723e-06,1.8939547938134067,1.8806312312963838,1.880620780111076,1.880733522570657,1.8807152690121172
336,2.3322188570046216,0.04103704181690756,0.010570168029516935,8.233559498757142,3.669685106158899e-06,1.8939647595200015,1.880621068166314,1.8806105714559662,1.88072346988377,1.8807053698875338
337,2.3322229943753046,0.041037188135721596,0.010856191860511899,8.233690733868642,3.641030065789562e-06,1.893974647444764,1.8806109844205494,1.8806004425030758,1.8807134956311324,1.8806955481809804
338,2.3322270994373184,0.04103733330618495,0.010695881908759475,8.233825507534135,3.612465628992203e-06,1.893984457843435,1.8806009798094039,1.8805903930079406,1.8807035995680446,1.8806858036396152
339,2.3322311722874285,0.04103747733192498,0.01091325911693275,8.233971980296086,3.5839931879571733e-06,1.8939941909521392,1.8805910540786155,1.880580422742733,1.880693781439917,1.8806761360182065
340,2.3322352130273583,0.0410376202168217,0.01081486395560205,8.234108566338579,3.555614130391079e-06,1.894003847048474,1.8805812069673857,1.880570531401548,1.8806840409995678,1.880666545049934
341,2.3322392217646972,0.041037761964666734,0.010916715953499079,8.23423796525376,3.527329839449153e-06,1.894013426365312,1.8805714382185053,1.880560718754221,1.8806743779819453,1.8806570304773973
342,2.3322431986063195,0.04103790257927181,0.010876927059143782,8.234359202546303,3.499141693667828e-06,1.8940229291738058,1.8805617475691598,1.8805509845252915,1.880664792126208,1.880647592039859
343,2.3322471436574843,0.041038042064624525,0.010448757093399763,8.234500386224587,3.471051066897563e-06,1.8940323557285021,1.8805521347488572,1.8805413284475045,1.880655283165368,1.8806382294687864
344,2.3322510570307493,0.04103818042451124,0.01088367193005979,8.234630517666137,3.4430593282358775e-06,1.8940417063118349,1.8805425994846732,1.8805317502697996,1.8806458508307335,1.8806289424878455
345,2.332254938827748,0.041038317662947646,0.011090980842709541,8.234766668439786,3.4151678419606222e-06,1.8940509811952204,1.8805331414994813,1.8805222497174303,1.8806364948472414,1.8806197308248844
346,2.332258789160476,0.04103845378429064,0.010645909933373332,8.234894660227617,3.387377967463491e-06,1.8940601806471644,1.8805237605101508,1.880512826468551,1.880627214942173,1.8806105941970046
347,2.3322626081546893,0.04103858879275946,0.010909528005868196,8.235035249032556,3.3596910591837613e-06,1.8940693049479371,1.8805144562307707,1.8805034802254965,1.8806180108334418,1.8806015323211227
348,2.3322663959289893,0.04103872269235022,0.010905766859650612,8.235153052112224,3.3321084665422826e-06,1.8940783543907853,1.880505228375399,1.8804942107203795,1.8806088822377254,1.880592544912288
349,2.332270152591647,0.04103885548736375,0.01052714604884386,8.23528619160753,3.304631533875704e-06,1.8940873292495672,1.880496076651308,1.8804850176673056,1.880599828865376,1.8805836316822266
350,2.332273878264408,0.041038987181989416,0.011004569008946419,8.235410601553998,3.277261600370962e-06,1.8940962298174682,1.8804870007649188,1.880475900786572,1.8805908504211675,1.8805747923405107
351,2.332277573062374,0.0410391177805622,0.01066782302223146,8.235516142611289,3.2500000000000015e-06,1.894105056395899,1.8804780004207542,1.8804668597687089,1.8805819466101816,1.8805660265901918
352,2.3322812371057253,0.04103924728743413,0.01093064690940082,8.235650551180848,3.222848061454764e-06,1.8941138092841734,1.8804690753119508,1.8804578943215393,1.880573117133945,1.8805573341316588
353,2.3322848705152373,0.04103937570699727,0.01056820503436029,8.23576328424951,3.195807108082429e-06,1.8941224887887353,1.8804602251332658,1.8804490041416733,1.8805643616918692,1.8805487146604076
354,2.3322884734123046,0.04103950304398493,0.010983331827446818,8.235895252986872,3.1688784578209146e-06,1.8941310952164896,1.8804514495690385,1.8804401888806697,1.8805556799805272,1.8805401678648812
355,2.3322920459318466,0.041039629302999044,0.010796490125358105,8.236011711310603,3.1420634231346447e-06,1.8941396288658556,1.880442748307799,1.8804314482257438,1.8805470716877077,1.8805316934375056
356,2.3322955882037455,0.04103975448837104,0.01019344781525433,8.236128622903253,3.115363310950579e-06,1.8941480900665997,1.8804341210315,1.8804227818916623,1.8805385364998417,1.8805232910646246
357,2.332299100343798,0.041039878605102206,0.011099773924797773,8.23625649792906,3.088779422594516e-06,1.8941564791281273,1.8804255674154737,1.8804141895051707,1.8805300741022553,1.8805149604255142
358,2.3323025824966783,0.041040001657767694,0.010951058007776737,8.236366455674087,3.0623130537276713e-06,1.8941647963662112,1.8804170871381733,1.8804056707681407,1.8805216841720924,1.880506701202567
359,2.3323060347884845,0.04104012365125867,0.010507320985198021,8.236486161295806,3.035965494283524e-06,1.8941730420935707,1.880408679869995,1.880397225342564,1.8805133663844673,1.880498513071794
360,2.332309457358237,0.04104024459013314,0.010656628990545869,8.236601178307284,3.009738028404952e-06,1.8941812166564789,1.8804003452783637,1.8803888529229609,1.8805051204109104,1.8804903957058614
361,2.3323128503282233,0.04104036447923386,0.010863305069506168,8.23671600307491,2.98363193438164e-06,1.8941893203788294,1.8803920830286756,1.8803805531859161,1.8804969459193597,1.8804823487738302
362,2.3323162138335696,0.041040483323630146,0.010871191043406725,8.23683016419263,2.9576484845877794e-06,1.8941973536033045,1.880383892778741,1.8803723257538698,1.8804888425779767,1.8804743719405228
363,2.3323195480177263,0.04104060112834186,0.010767270112410188,8.236941047881507,2.931788945420058e-06,1.8942053166551005,1.880375774187179,1.8803641702865495,1.880480810047748,1.8804664648702727
364,2.3323228530222515,0.04104071789843795,0.010817821836099029,8.237056412658411,2.906054577235931e-06,1.8942132098720184,1.880367726906784,1.88035608643395,1.8804728479861634,1.880458627221793
365,2.3323261289896533,0.041040833638821626,0.010363006964325905,8.237157450330383,2.8804466342921984e-06,1.8942210336039402,1.8803597505907852,1.8803480738673577,1.880464956045498,1.880450858654061
366,2.332329376054253,0.04104094835456427,0.010628917952999473,8.23726320903529,2.8549663646838717e-06,1.8942287881930442,1.8803518448858674,1.8803401322491673,1.8804571338765874,1.880443158820318
367,2.3323325943573936,0.041041062050896644,0.01073954300954938,8.237390781712746,2.8296150102833444e-06,1.8942364739946276,1.8803440094314101,1.8803322612104787,1.8804493811297998,1.8804355273666769
368,2.332335784045787,0.041041174733048136,0.01096279383637011,8.237484460932901,2.804393806679864e-06,1.8942440913639016,1.8803362438694853,1.8803244603851736,1.8804416974485665,1.88042796394085
369,2.3323389452654397,0.04104128640631075,0.010350022930651903,8.237593820863605,2.7793039831193134e-06,1.8942516406579528,1.8803285478358764,1.8803167294077534,1.880434082473626,1.88042046818473
370,2.3323420781646904,0.0410413970760602,0.010736479889601469,8.237698681000007,2.754346762444296e-06,1.8942591222318792,1.8803209209643605,1.8803090679086276,1.88042653584188,1.880413039736486
371,2.3323451828945654,0.04104150674778149,0.010694721946492791,8.237811914125583,2.729523361034538e-06,1.8942665364491764,1.8803133628804538,1.8803014754963683,1.8804190571903083,1.8804056782337004
372,2.332348259610606,0.04104161542670121,0.010777369141578674,8.237904684568718,2.7048349887476038e-06,1.8942738836794304,1.8803058732146571,1.880293951825875,1.8804116461473206,1.880398383312512
373,2.3323513084561833,0.04104172311828423,0.010400962084531784,8.238013177581973,2.680282848859928e-06,1.8942811642908788,1.880298451588457,1.8802864965248909,1.8804043023394674,1.8803911546035574
374,2.332354329584191,0.041041829828287045,0.010795368812978268,8.238116435794756,2.6558681380081714e-06,1.8942883786483813,1.8802910976201697,1.8802791091787625,1.8803970253931948,1.8803839917316327
375,2.332357323159659,0.04104193556211575,0.010780904907733202,8.238207653354717,2.6315920461308963e-06,1.8942955271373945,1.8802838109284905,1.8802717894191594,1.880389814928977,1.8803768943224057
376,2.332360289330982,0.0410420403253537,0.01073560700751841,8.238307534168273,2.607455756410573e-06,1.8943026101448164,1.8802765911252715,1.8802645368569306,1.880382670563963,1.8803698619971223
377,2.3323632282537297,0.04104214412375559,0.01056341896764934,8.238420319919822,2.583460445215913e-06,1.8943096280441787,1.8802694378177642,1.8802573510967544,1.880375591914435,1.8803628943722779
378,2.3323661400909272,0.041042246963076096,0.010824242141097784,8.238511668706412,2.5596072820445255e-06,1.894316581223467,1.8802623506126541,1.8802502317322185,1.8803685785913136,1.880355991063743
379,2.3323690250043763,0.041042348848840976,0.01047983905300498,8.238600051977485,2.535897429465939e-06,1.8943234700692362,1.880255329115971,1.8802431784100466,1.8803616302004502,1.8803491516851152
380,2.3323718831456506,0.04104244978724144,0.010682585183531046,8.238717942707547,2.5123320430649127e-06,1.8943302949632472,1.8802483729214814,1.8802361906748681,1.880354746351704,1.880342375839758
381,2.3323747146943745,0.04104254978382002,0.011088106082752347,8.238799807334788,2.4889122713851393e-06,1.8943370563174868,1.8802414816305597,1.880229268155332,1.8803479266418202,1.8803356631389743
382,2.332377519800323,0.041042648844902004,0.010685905814170837,8.238908030067003,2.465639255873245e-06,1.8943437545175463,1.8802346548305382,1.8802224103836755,1.8803411706765387,1.8803290131788408
383,2.332380298647758,0.041042746976193534,0.010696970857679844,8.238983681341196,2.4425141308231755e-06,1.894350389969179,1.8802278921163769,1.880215616985739,1.8803344780475206,1.8803224255612088
384,2.3323830513925956,0.04104284418358328,0.010865534888580441,8.239080582728674,2.4195380233209025e-06,1.8943569630768473,1.8802211930757673,1.8802088875671534,1.8803278483459365,1.8803158998828657
385,2.3323857781985238,0.04104294047323475,0.01062231813557446,8.239179431734636,2.396712053189486e-06,1.8943634742445516,1.8802145572906168,1.8802022216912417,1.8803212811631564,1.880309435736874
386,2.3323884792404566,0.04104303585106327,0.01076194690540433,8.239264360432216,2.3740373329345136e-06,1.89436992389288,1.880207984343932,1.8801956189562838,1.880314776082504,1.8803030327151051
387,2.3323911546810128,0.041043130323283654,0.010762160876765847,8.239361938427043,2.351514967689855e-06,1.8943763124279998,1.8802014738122024,1.8801890789298465,1.8803083326891799,1.8802966904054932
388,2.332393804696475,0.041043223896013656,0.010609027929604053,8.23946521976322,2.3291460551638252e-06,1.894382640277167,1.8801950252665285,1.8801826011854503,1.8803019505644372,1.8802904083922591
389,2.332396429457079,0.04104331657553653,0.010488427011296153,8.239533425211638,2.3069316855856555e-06,1.8943889078480312,1.880188638283711,1.88017618529105,1.8802956292836497,1.880284186257143
390,2.3323990291403582,0.041043408367998135,0.01088282116688788,8.239621290915396,2.2848729416523864e-06,1.8943951155684309,1.8801823124333428,1.8801698308248307,1.880289368420004,1.8802780235830576
391,2.3324016039171895,0.04104349927971245,0.010734528070315719,8.239712613587445,2.2629708984760696e-06,1.8944012638666046,1.880176047277349,1.8801635373487842,1.880283167548367,1.880271919942617
392,2.332404153964493,0.041043589317223794,0.01038108509965241,8.239796779648396,2.2412266235313975e-06,1.8944073531596342,1.880169842379351,1.8801573043992192,1.8802770262358879,1.8802658749096042
393,2.33240667946923,0.04104367848684636,0.010542690986767411,8.239886860305372,2.2196411766036492e-06,1.8944133838886121,1.8801636972987466,1.8801511315345802,1.8802709440484833,1.8802598880559043
394,2.33240918060717,0.04104376679511896,0.010766969062387943,8.239961339144003,2.198215609737056e-06,1.8944193564775882,1.8801576115938081,1.8801450183004778,1.8802649205489002,1.8802539589482348
395,2.332411657563512,0.041043854248297845,0.010784270940348506,8.24005087404458,2.176950967183524e-06,1.8944252713718812,1.8801515848176185,1.8801389642814328,1.880258955294794,1.8802480871527678
396,2.3324141105104705,0.0410439408531184,0.010438155150040984,8.240145297466388,2.1558482853517252e-06,1.8944311289944893,1.880145616520519,1.8801329690053104,1.8802530478440007,1.8802422722307317
397,2.332416539641011,0.04104402661601691,0.010807447833940387,8.240220773130979,2.134908592756607e-06,1.8944369297873578,1.880139706252955,1.880127032038896,1.8802471977481892,1.8802365137443142
398,2.332418945134116,0.04104411154354701,0.010827843099832535,8.240306694306149,2.11413290996924e-06,1.894442674210635,1.8801338535567345,1.880121152919108,1.8802414045624318,1.8802308112465247
399,2.3324213271721157,0.04104419564219817,0.01071749092079699,8.240377741060625,2.0935222495670967e-06,1.8944483627123196,1.880128057978883,1.8801153312089889,1.8802356678313246,1.8802251642961914
400,2.332423685935144,0.041044278918830425,0.010210999986156821,8.240460273725878,2.0730776160846853e-06,1.8944539957302486,1.8801223190581897,1.8801095664301435,1.8802299871001749,1.880219572442953
401,2.332426021618743,0.04104436138011364,0.010687754023820162,8.240544313501053,2.0528000059646e-06,1.894459573722578,1.880116636330641,1.8801038581191818,1.880224361913295,1.8802140352369232
402,2.332428334409449,0.04104444303293907,0.010908524971455336,8.24061121001084,2.032690407508949e-06,1.8944650971501287,1.8801110093300075,1.8800982057769289,1.8802187918138713,1.8802085522217888
403,2.332430624502131,0.0410445238838739,0.010658429935574532,8.240673102017709,2.012749800831192e-06,1.8944705664797994,1.8801054375915127,1.8800926089614687,1.8802132763366397,1.8802031229451766
404,2.3324328920773936,0.04104460393983753,0.01041698595508933,8.240755539527658,1.992979157808367e-06,1.894475982160908,1.8800999206430091,1.8800870672003245,1.8802078150155366,1.8801977469478042
405,2.3324351373313803,0.04104468320781473,0.010968832997605205,8.240841575770224,1.9733794420337206e-06,1.8944813446537156,1.8800944580080243,1.8800815800047594,1.8802024073844423,1.8801924237653207
406,2.332437360461748,0.0410447616946047,0.010381631087511778,8.240924699608486,1.9539516087697514e-06,1.894486654430024,1.8800890492106377,1.8800761469101073,1.8801970529721899,1.8801871529350418
407,2.3324395616573272,0.041044839407210806,0.011103491997346282,8.240996875807062,1.9346966049016423e-06,1.8944919119643528,1.8800836937703067,1.8800707674201769,1.8801917513070974,1.8801819339887649
408,2.332441741115215,0.04104491635240234,0.010816477006301284,8.241056046827696,1.915615368891117e-06,1.8944971177319372,1.8800783912100876,1.8800654410802267,1.8801865019103823,1.880176766463934
409,2.3324438990224454,0.04104499253746677,0.010690928902477026,8.241133649574953,1.8967088307307e-06,1.8945022722044742,1.8800731410420852,1.8800601673618942,1.8801813043066236,1.8801716498849324
410,2.3324460355871,0.04104506796938451,0.010277453111484647,8.241213531287096,1.8779779118983872e-06,1.8945073758462179,1.8800679427794866,1.8800549458069202,1.8801761580140355,1.8801665837787342
411,2.332448151004856,0.04104514265529946,0.010992119088768959,8.241292020876378,1.859423525312737e-06,1.8945124291372826,1.8800627959313523,1.8800497759172736,1.880171062550794,1.8801615676658103
412,2.332450245476541,0.041045216602335406,0.010581216076388955,8.24136295016952,1.8410465752883771e-06,1.8945174325595973,1.8800577000056753,1.8800446571993736,1.8801660174311143,1.8801566010688873
413,2.332452319202113,0.041045289817768636,0.010447954060509801,8.241423096473897,1.822847957491922e-06,1.8945223865903453,1.880052654509712,1.8800395891428539,1.8801610221665328,1.8801516835074727
414,2.3324543723876587,0.041045362308757015,0.010455727111548185,8.24149075873036,1.804828558898332e-06,1.8945272917217102,1.8800476589463477,1.8800345712513664,1.880156076266706,1.880146814497677
415,2.3324564052330525,0.04104543408233671,0.010680183069780469,8.241560353996286,1.7869892577476723e-06,1.8945321484525914,1.8800427128175772,1.8800296030485126,1.8801511792365286,1.8801419935562922
416,2.332458417932393,0.04104550514603654,0.010782268131151795,8.241634860137543,1.7693309235023125e-06,1.8945369572653201,1.8800378156197035,1.8800246839942698,1.8801463305831942,1.8801372201935238
417,2.332460410701227,0.0410455755069873,0.010626544011756778,8.24170534358282,1.7518544168045527e-06,1.8945417186601832,1.880032966849312,1.8800198136087318,1.8801415298070765,1.880132493919815
418,2.3324623837366434,0.04104564517266319,0.010458010947331786,8.241761471421675,1.734560589434673e-06,1.8945464331214077,1.8800281660010727,1.8800149913719717,1.880136776407931,1.8801278142422335
419,2.3324643372509644,0.04104571415024123,0.010424967156723142,8.241814359911247,1.717450284269421e-06,1.8945511011675482,1.880023412567651,1.8800102167829176,1.8801320698832946,1.8801231806681769
420,2.33246627144163,0.04104578244730854,0.01077883318066597,8.241895036847321,1.7005243352409323e-06,1.8945557232744397,1.880018706036511,1.8800054893290483,1.8801274097276726,1.880118592698436
421,2.3324681865256185,0.041045850071348006,0.010412500007078052,8.241959510613203,1.6837835672960843e-06,1.8945602999488493,1.8800140458936312,1.8800008084833695,1.8801227954351492,1.8801140498324913
422,2.3324700827129137,0.04104591702975258,0.010415819007903337,8.242026495357955,1.6672287963562855e-06,1.8945648316999781,1.8800094316232663,1.8799961737390627,1.880118226496325,1.8801095515689932
423,2.33247196020981,0.041045983330157215,0.01065025688149035,8.242088282831245,1.6508608292777214e-06,1.8945693190347117,1.880004862707043,1.8799915845517885,1.880113702401794,1.8801050974034943
424,2.3324738192323085,0.04104604897998113,0.010478000855073333,8.242139853341047,1.63468046381201e-06,1.8945737624612449,1.8800003386273394,1.8799870404218637,1.8801092226350233,1.8801006868325871
425,2.3324756599871193,0.041046113986898516,0.01054099714383483,8.24220744523498,1.6186884885673414e-06,1.8945781624929297,1.879995858860128,1.8799825408056112,1.8801047866813654,1.8800963193466924
426,2.3324774826907992,0.04104617835844646,0.010511846048757434,8.242278897457222,1.602885682970026e-06,1.8945825196385757,1.8799914228812589,1.8799780851952457,1.880100394021755,1.880091994436408
427,2.332479287554328,0.04104624210238007,0.010420372942462564,8.242333578634147,1.5872728172265144e-06,1.8945868344144328,1.879987030163936,1.8799736730370276,1.8800960441380865,1.8800877115894776
428,2.332481074797225,0.04104630522637373,0.010840166127309203,8.242392134065145,1.5718506522858574e-06,1.8945911073298813,1.87998268018001,1.8799693038095775,1.8800917365063476,1.880083470292118
429,2.332482844635327,0.041046367738038214,0.01043589599430561,8.242462494942256,1.5566199398026138e-06,1.8945953389048142,1.8799783724000072,1.8799649769955724,1.8800874705998043,1.8800792700298588
430,2.3324845972810735,0.0410464296450711,0.01046661101281643,8.242521296383762,1.5415814221002266e-06,1.894599529662729,1.879974106290249,1.8799606920638832,1.8800832458934604,1.8800751102836726
431,2.3324863329501584,0.04104649095520795,0.010733389062806964,8.24257469418799,1.5267358321348285e-06,1.8946036801412598,1.8799698813166872,1.8799564484614837,1.8800790618596086,1.8800709905350943
432,2.3324880518586486,0.04104655167622545,0.01016726903617382,8.242631520191116,1.5120838934595347e-06,1.8946077908607162,1.8799656969420067,1.8799522456608533,1.8800749179679108,1.8800669102590954
433,2.3324897542248593,0.041046611815973785,0.010610645869746804,8.242686807529559,1.4976263201891611e-06,1.8946118623426926,1.8799615526284617,1.8799480831189102,1.88007081368609,1.8800628689331051
434,2.332491440269941,0.04104667138225743,0.010576372966170311,8.242743322791112,1.4833638169654358e-06,1.8946158951177783,1.879957447835363,1.879943960299144,1.8800667484790865,1.8800588660314363
435,2.3324931102125652,0.041046730382952805,0.010435815202072263,8.242800275580944,1.469297078922643e-06,1.8946198897254425,1.8799533820189789,1.879939876646012,1.8800627218125299,1.8800549010253702
436,2.332494764273379,0.04104678882594629,0.010306332958862185,8.242856903128965,1.4554267916537485e-06,1.894623846694791,1.879949354635846,1.8799358316193067,1.8800587331476146,1.8800509733855548
437,2.3324964026737045,0.04104684671908987,0.010527508100494742,8.242919055918858,1.4417536311769883e-06,1.8946277665667817,1.8799453651389413,1.8799318246767527,1.8800547819436468,1.880047082582445
438,2.332498025632993,0.04104690407044073,0.010759801138192415,8.242969679113909,1.428278263902912e-06,1.8946316498641642,1.8799414129816512,1.8799278552643743,1.8800508676578378,1.880043228082691
439,2.3324996333794146,0.04104696088805956,0.010499814990907907,8.2430309061843,1.4150013466019114e-06,1.8946354971331747,1.879937497611197,1.8799239228071445,1.8800469897499845,1.8800394093486086
440,2.3325012261401623,0.041047017179972965,0.010073265992105007,8.243080558023957,1.401923526372203e-06,1.8946393089092586,1.8799336184766642,1.8799200267517764,1.8800431476734425,1.8800356258447761
441,2.332502804140986,0.041047072954140305,0.010741278063505888,8.243140814096499,1.3890454406082965e-06,1.8946430857369223,1.8799297750245556,1.8799161665529394,1.8800393408811662,1.8800318770325848
442,2.332504367604321,0.04104712821860266,0.010604997165501118,8.243188367532666,1.3763677169699216e-06,1.8946468281588191,1.8799259667003583,1.8799123416553403,1.8800355688243164,1.880028162372897
443,2.332505916755821,0.04104718298140135,0.010343485046178102,8.243234956025319,1.3638909733514451e-06,1.894650536720224,1.8799221929480343,1.8799085515085088,1.8800318309510846,1.8800244813228622
444,2.332507451820414,0.041047237250723435,0.010831275023519993,8.243295060992859,1.3516158178517484e-06,1.894654211965092,1.8799184532085191,1.8799047955385408,1.880028126709863,1.8800208333399215
445,2.3325089730294546,0.041047291034692096,0.01018709596246481,8.243345986873676,1.3395428487445914e-06,1.8946578544390869,1.8799147469218254,1.8799010731882266,1.8800244555453274,1.8800172178794279
446,2.3325104806110883,0.04104734434146829,0.01069425093010068,8.243396161756502,1.3276726544494572e-06,1.8946614647003435,1.8799110735257327,1.8798973838812525,1.8800208169042982,1.8800136343936218
447,2.332511974793975,0.04104739717918196,0.010088687995448709,8.243446644264619,1.3160058135028686e-06,1.8946650433000423,1.8799074324566236,1.8798937270613771,1.8800172102289474,1.8800100823350505
448,2.3325134558059277,0.041047449556048256,0.010804174933582544,8.24348671669893,1.3045428945301953e-06,1.8946685907888647,1.8799038231507825,1.8798901021596943,1.880013634960545,1.8800065611542018
449,2.332514923877802,0.04104750148024187,0.010519217001274228,8.24354011996464,1.2932844562179345e-06,1.8946721077204012,1.8799002450423539,1.879886508615858,1.880010090537764,1.8800030703019859
450,2.3325163792387524,0.04104755296008345,0.010805465979501605,8.243585217520383,1.2822310472864884e-06,1.8946755946555611,1.8798966975619276,1.8798829458412376,1.8800065764004912,1.8799996092232194
451,2.3325178221229965,0.04104760400386969,0.010715108131989837,8.243656970031855,1.2713832064634127e-06,1.894679052152704,1.8798931801384715,1.8798794132584762,1.8800030919863264,1.8799961773630598
452,2.3325192527638263,0.04104765461978101,0.010895209852606058,8.243690415582568,1.2607414624571648e-06,1.8946824807675287,1.8798896922039203,1.8798759103155207,1.879999636727915,1.8799927741685187
453,2.3325206713897817,0.041047704816159866,0.010723053943365812,8.24373867627512,1.2503063339313353e-06,1.8946858810642493,1.8798862331847106,1.8798724364279766,1.8799962100607674,1.8799893990804981
454,2.3325220782351357,0.04104775460120992,0.010458200005814433,8.243782651409951,1.240078329479367e-06,1.894689253607376,1.8798828025088468,1.879868991037958,1.8799928114158995,1.8799860515422986
455,2.3325234735282394,0.04104780398344377,0.01036410010419786,8.243836118812396,1.2300579475997657e-06,1.8946925989543093,1.8798793995996945,1.8798655735454057,1.879989440225552,1.8799827309926964
456,2.332524857510893,0.041047852971178155,0.010769983986392617,8.243884810357132,1.2202456766718096e-06,1.894695917674135,1.8798760238805405,1.879862183375531,1.8799860959204195,1.8799794368698834
457,2.3325262304154197,0.04104790157277068,0.010577264940366149,8.24392411071974,1.2106419949317388e-06,1.8946992103302294,1.8798726747748522,1.8798588199559019,1.8799827779269394,1.8799761686128262
458,2.332527592476173,0.04104794979661618,0.010550736915320158,8.24397325256424,1.2012473704494538e-06,1.8947024774951857,1.8798693517029974,1.8798554826996219,1.879979485673692,1.8799729256577504
459,2.3325289439284647,0.041047997651220094,0.010595171945169568,8.244014339549256,1.1920622611056974e-06,1.8947057197391046,1.8798660540841867,1.8798521710060998,1.8799762185879458,1.8799697074389552
460,2.332530285012134,0.04104804514501536,0.010868400102481246,8.244075386824917,1.1830871145697413e-06,1.8947089376236086,1.8798627813370963,1.8798488843031265,1.879972976093156,1.8799665133907413
461,2.3325316159640477,0.04104809228633952,0.010883142007514834,8.24410796350362,1.174322368277565e-06,1.8947121317280111,1.8798595328797982,1.8798456220183255,1.8799697576122887,1.8799633429452889
462,2.3325329370161514,0.041048139083708,0.01083738706074655,8.244153734102879,1.1657684494105386e-06,1.8947153026227124,1.8798563081284658,1.8798423835586524,1.8799665625678375,1.8799601955348624
463,2.3325342484081655,0.041048185545638396,0.010806597070768476,8.24419240546942,1.1574257748745992e-06,1.8947184508862498,1.8798531064971806,1.8798391683249862,1.879963390383218,1.8799570705886859
464,2.3325355503789016,0.04104823168067712,0.010732461931183934,8.244255924879178,1.1492947512799328e-06,1.894721577087436,1.8798499273987932,1.8798359757303853,1.8799602404779023,1.8799539675352401
465,2.3325368431694193,0.0410482774972804,0.010810662992298603,8.244288515506586,1.1413757749211606e-06,1.8947246818047616,1.8798467702482269,1.8798328051912776,1.8799571122699694,1.8799508858042893
466,2.3325381270157175,0.04104832300399798,0.010483708931133151,8.244334420902788,1.1336692317580158e-06,1.8947277656124393,1.879843634456768,1.8798296561195809,1.8799540051768424,1.8799478248218118
467,2.3325394021579977,0.04104836820931062,0.01036864286288619,8.244369351617834,1.1261754973965417e-06,1.8947308290900253,1.879840519436599,1.8798265279310953,1.8799509186145935,1.879944784017053
468,2.3325406688333694,0.041048413121818686,0.011036467971280217,8.244407867779586,1.1188949370707787e-06,1.8947338728256073,1.8798374245960665,1.879823420016999,1.8799478520012292,1.879941762812633
469,2.3325419272829055,0.04104845775007195,0.010591296013444662,8.244461764819398,1.1118279056249653e-06,1.8947368973951733,1.8798343493438652,1.8798203317946216,1.8799448047508065,1.8799387606328983
470,2.3325431777461954,0.0410485021026634,0.010858685011044145,8.244503741243902,1.1049747474962444e-06,1.894739903372673,1.8798312930889187,1.8798172626773557,1.8799417762759552,1.8799357769015146
471,2.332544420464849,0.041048546188240165,0.010863743955269456,8.244547068605348,1.0983357966978744e-06,1.8947428913415993,1.879828255237766,1.879814212059762,1.8799387659905082,1.879932811040339
472,2.332545655681733,0.041048590015433394,0.010759833035990596,8.244578326495175,1.0919113768029524e-06,1.8947458618899904,1.8798252351963791,1.8798111793360097,1.8799357733080229,1.8799298624699623
473,2.332546883638914,0.04104863359274357,0.010657334933057427,8.24461300308109,1.085701800928638e-06,1.894748815606304,1.8798222323717528,1.8798081639261084,1.879932797637537,1.8799269306129094
474,2.3325481045726892,0.04104867692894412,0.010768302017822862,8.244669516598954,1.0797073717209012e-06,1.89475175306969,1.8798192461661338,1.8798051652163519,1.8799298383917864,1.8799240148859222
475,2.3325493187311372,0.04104872003274696,0.010894850129261613,8.244719951246175,1.0739283813397635e-06,1.8947546748639612,1.8798162759823482,1.879802182600002,1.8799268949800425,1.8799211147076569
476,2.3325505263595883,0.04104876291274535,0.011053137015551329,8.244750556726638,1.068365111445064e-06,1.8947575815741833,1.8798133212244241,1.879799215491089,1.8799239668109724,1.8799182294963992
477,2.332551727698041,0.04104880557756858,0.010678051970899105,8.244785090355263,1.0630178331827277e-06,1.8947604737858046,1.879810381296118,1.8797962632987688,1.879921053290759,1.8799153586706965
478,2.3325529229878375,0.04104884803594436,0.01073317602276802,8.244827730102282,1.0578868071715544e-06,1.8947633520915295,1.8798074555974345,1.8797933254084485,1.879918153829027,1.879912501645758
479,2.332554112474117,0.041048890296520056,0.010342503199353814,8.244871420877008,1.0529722834905124e-06,1.8947662170789863,1.8798045435295296,1.8797904012278397,1.8799152678318627,1.8799096578382373
480,2.3325552963987475,0.041048932367978325,0.011044572107493877,8.244901121513717,1.0482745016665526e-06,1.8947690693393184,1.8798016444939654,1.879787490155,1.8799123947037317,1.8799068266646193
481,2.3325564750046794,0.04104897425908024,0.010574959916993976,8.244949969893533,1.0437936906629338e-06,1.8947719094570423,1.8797987578897273,1.8797845915851767,1.879909533850428,1.8799040075386069
482,2.332557648538605,0.04104901597862481,0.010272918036207557,8.244992538395476,1.039530068868062e-06,1.8947747380195574,1.879795883114794,1.8797817049051886,1.8799066846776091,1.8799011998727615
483,2.332558817248378,0.041049057535205394,0.010811386164277792,8.245025878695323,1.0354838440848502e-06,1.8947775556249904,1.8797930195680748,1.8797788295265596,1.8799038465895264,1.8798984030815358
484,2.3325599813727127,0.04104909893759371,0.01048946287482977,8.245070163811148,1.0316552135205838e-06,1.894780362868888,1.8797901666466663,1.8797759648334653,1.87990101899063,1.8798956165775478
485,2.33256114115767,0.0410491401946207,0.010479409946128726,8.245111762979183,1.0280443637773162e-06,1.8947831603335628,1.8797873237481835,1.8797731102179347,1.879898201283366,1.8798928397716979
486,2.3325622968525965,0.04104918131499231,0.010624733055010438,8.245150019364457,1.02465147084277e-06,1.8947859486124838,1.8797844902703027,1.8797702650811596,1.879895392869532,1.8798900720766198
487,2.332563448700693,0.04104922230741087,0.016277997056022286,8.245185024632873,1.0214767000817597e-06,1.8947887283029174,1.8797816656101718,1.8797674288211759,1.879892593151272,1.879887312904368
488,2.3325645969449957,0.04104926318066924,0.010230505838990211,8.245219118141806,1.0185202062281336e-06,1.8947914999986148,1.879778849163817,1.879764600825956,1.8798898015309802,1.8798845616649535
489,2.332565741832327,0.04104930394357877,0.010715205920860171,8.245267994753666,1.0157821333772303e-06,1.8947942642955324,1.8797760403251809,1.879761780479685,1.8798870174111943,1.8798818177680137
490,2.3325668836101174,0.04104934460485272,0.010594927007332444,8.245304731575436,1.013262614978859e-06,1.8947970217876786,1.8797732384905113,1.879758967186608,1.8798842401921918,1.8798790806239805
491,2.3325680225216563,0.041049385173322524,0.010910581098869443,8.245338751568573,1.0109617738307905e-06,1.8947997730672943,1.8797704430548001,1.8797561603323172,1.8798814692747583,1.8798763496423752
492,2.332569158815393,0.0410494256577082,0.01083073578774929,8.245379233516127,1.0088797220727778e-06,1.8948025187278734,1.879767653413584,1.8797533593229678,1.8798787040583504,1.879873624232567
493,2.3325702927348404,0.04104946606681354,0.010809577070176601,8.245412756569028,1.0070165611810854e-06,1.894805259369384,1.8797648689614597,1.8797505635400726,1.8798759439436008,1.879870903804638
494,2.332571424526773,0.04104950640952554,0.010837298119440675,8.245461866126753,1.005372381963547e-06,1.89480799558011,1.8797620890915494,1.8797477723684963,1.879873188330499,1.8798681877657133
495,2.3325725544419234,0.041049546694673394,0.010909193195402622,8.245502246553695,1.0039472645551373e-06,1.8948107279531754,1.879759313197788,1.879744985196297,1.8798704366186025,1.8798654755244841
496,2.3325736827284147,0.041049586930909064,0.010368727846071124,8.245535744927365,1.002741278414069e-06,1.894813457093255,1.8797565406747572,1.8797422014302758,1.8798676882072172,1.879862766490218
497,2.3325748096262076,0.04104962712701451,0.010740932077169418,8.245562701271226,1.0017544823184053e-06,1.8948161836004829,1.87975377091698,1.8797394204589004,1.8798649424955016,1.8798600600714501
498,2.3325759353808624,0.041049667291906206,0.010558245936408639,8.245612676259467,1.0009869243631953e-06,1.8948189080601716,1.8797510033170504,1.8797366416659458,1.879862198883355,1.879857355675038
499,2.3325770602444114,0.04104970743440239,0.010544897057116032,8.24564631171616,1.000438641958131e-06,1.8948216310698118,1.8797482372689005,1.879733864438087,1.8798594567695495,1.8798546527085789
500,2.3325781844643063,0.04104974756328745,0.010724961990490556,8.245690484426817,1.0001096618257237e-06,1.8948243532282358,1.8797454721653306,1.8797310881681455,1.8798567155527732,1.8798519505796096
