K,alpha,GD_worst_bound,GD_worst_sample,GD_exp_bound,GD_exp_eps,GD_exp_sample,GD_cvar_bound,GD_cvar_eps,GD_cvar_sample,NGD_worst_bound,NGD_worst_sample,NGD_exp_bound,NGD_exp_eps,NGD_exp_sample,NGD_cvar_bound,NGD_cvar_eps,NGD_cvar_sample
1,0.01,61.266135105729795,15.135363580680531,12.002488117462454,0.3162277660168379,11.712367341036941,23.388220225825897,0.1,15.135363580680531,61.266135105729795,15.135363580680531,12.002488117462462,0.3162277660168379,11.712367341036941,23.388220225825552,0.1,15.135363580680531
2,0.01,36.75968082779911,7.858127071846679,6.270739393269272,0.1467799267622069,6.152276891322466,15.122937581924806,0.1,7.858127071846679,36.75968082779911,7.858127071846679,6.27073939326927,0.1467799267622069,6.152276891322466,15.122937581924718,0.1,7.858127071846679
3,0.01,26.25691503581076,5.15330739119551,4.008876242110085,0.1,3.925632656712687,11.425647666558463,0.1,5.15330739119551,24.300682611105792,4.58781758441094,3.5338829286082816,0.1,3.4471722342693107,10.895378485094584,0.1,4.58781758441094
4,0.01,20.4220447567257,3.752699833240772,2.8733931164010316,0.1,2.7795715372645167,9.259003889984225,0.1,3.752699833240772,17.21574813334149,2.8595437633684737,2.1654682035441986,0.1,2.0715943023443244,8.317434584599054,0.1,2.8595437633684737
5,0.01,16.708945668292223,2.880709422137869,2.1955129408816867,0.1,2.1000744377585807,7.80315919218063,0.1,2.880709422137869,12.8268377940907,1.8484907311714425,1.4190280533011288,0.1,1.3278821608877456,6.644753507071606,0.1,1.8484907311714425
6,0.01,14.13833855621889,2.291209403395682,1.751335550567088,0.1,1.6587178284655468,6.751028513374526,0.1,2.291209403395682,9.926163337991731,1.2276192759025066,0.9880148217463316,0.1,0.8996939368005862,5.4290613003859605,0.1,1.2276192759025066
7,0.01,12.253226980399074,1.8696314128524525,1.442682740135071,0.1,1.353143819527116,5.972001041158876,0.1,1.8696314128524525,7.910808632269235,0.8326593367223485,0.7227972819275851,0.1,0.6383637981336622,4.495279350173769,0.1,0.8326593367223485
8,0.01,10.811670454783956,1.5556926254398895,1.2168350564990498,0.1,1.1313325369281735,5.34676902962993,0.1,1.5556926254398895,6.454129272916404,0.6172365089332088,0.5504154137484136,0.1,0.4702764465668868,3.762151993265033,0.1,0.6172365089332088
9,0.01,9.673599761642048,1.314750105670662,1.046001553664714,0.1,0.9643333349549756,4.834385790361371,0.1,1.314750105670662,5.367109557469499,0.479268817618914,0.4330214597128993,0.1,0.35712071366073006,3.17890862345678,0.1,0.479268817618914
10,0.01,8.752304926622775,1.1254756396474648,0.9127334296498776,0.1,0.8348896949965452,4.406643225768057,0.1,1.1254756396474648,4.534347836886653,0.3803782678612628,0.3503506160094347,0.1,0.27798040429272164,2.71211074499546,0.1,0.3803782678612628
11,0.01,7.991234793880639,0.9739986620354488,0.8064642591807603,0.1,0.7321465808641466,4.044209471145773,0.1,0.9739986620354488,3.88219373900054,0.3061825806491948,0.2902666752349238,0.1,0.2208367908521889,2.33570933304471,0.1,0.3061825806491948
12,0.01,7.351933132432975,0.8508975351116049,0.7199996449486195,0.1,0.648972038668801,3.734006748841379,0.1,0.8508975351116049,3.3618636126602577,0.2548366031133787,0.24529146851895,0.1,0.17843854233252618,2.0291488710701815,0.1,0.2548366031133787
13,0.01,6.807348262788776,0.7495476340358509,0.6485176545585825,0.1,0.5805085189636603,3.4654150629159295,0.1,0.7495476340358509,2.9400087602851603,0.2153757693928963,0.2108470145223868,0.1,0.14624116479417432,1.7772347769129595,0.1,0.2153757693928963
14,0.01,6.33787551762594,0.6725701580592999,0.588592386970808,0.1,0.5233457686939589,3.23045972465258,0.1,0.6725701580592999,2.5932055666212257,0.182638494076146,0.1838861574364109,0.1,0.12131363132570903,1.5684517252083676,0.1,0.182638494076146
15,0.01,5.928980490837317,0.6162139214077722,0.5377367614370501,0.1,0.4750268571326158,3.023734773958785,0.1,0.6162139214077722,2.3046093523247984,0.1551143304491284,0.1623968953754822,0.1,0.10171147475682842,1.3933895693915916,0.1,0.1551143304491284
16,0.01,5.569648052593185,0.5673572433263859,0.4941317933114091,0.1,0.43374167578331735,2.8402396257685507,0.1,0.5673572433263859,2.0618565658530774,0.1317888228197363,0.1449957718579215,0.1,0.08610119462974182,1.245753103208144,0.1,0.1317888228197363
17,0.01,5.251382729603941,0.5246449180890366,0.4563876908746618,0.1,0.3981304039163006,2.67612478149346,0.1,0.5246449180890366,1.8557027198974487,0.1119967132333018,0.1307110841676852,0.1,0.07353573167362999,1.119840739595407,0.1,0.1119967132333018
18,0.01,4.967524377616192,0.4870292604766708,0.4234493614544536,0.1,0.3671538235118497,2.529023001807516,0.1,0.4870292604766708,1.6791254097303003,0.0952928609991581,0.1188293455297001,0.1,0.06332253653914524,1.0122848224578271,0.1,0.0952928609991581
19,0.01,4.712778422271036,0.4536872262738829,0.3944921622777485,0.1,0.34000556215728994,2.3960778869205184,0.1,0.4536872262738829,1.5267113858035124,0.0816106867187227,0.108828098588256,0.1,0.05494519280698751,0.9193139561159694,0.1,0.0816106867187227
20,0.01,4.482886220768884,0.4239629468729774,0.3688646682979441,0.1,0.31605136812488627,2.275530488829001,0.1,0.4239629468729774,1.3942343638360175,0.0727601424130037,0.100313685248827,0.1,0.04801390963921203,0.8384773698476714,0.1,0.0727601424130037
21,0.01,4.274381063418543,0.3973270815834659,0.3460493101601373,0.1,0.29478624640275486,2.165726514763127,0.1,0.3973270815834659,1.2783532408561176,0.0652331439828182,0.0929836277423795,0.1,0.042231556262596774,0.7680394387828635,0.1,0.0652331439828182
22,0.01,4.084408343334268,0.3733475319723532,0.3256254460825907,0.1,0.275803657701387,2.06541401868676,0.1,0.3733475319723532,1.1764005483969695,0.0587879566464459,0.0866054136352975,0.1,0.037369197403902474,0.7062516235390973,0.1,0.0587879566464459
23,0.01,3.9105992414434896,0.3516679807921551,0.3072521305463242,0.1,0.2587730269213634,1.973483651701706,0.1,0.3516679807921551,1.0862249034009177,0.0532069686769269,0.0810012283918674,0.1,0.03324850111926375,0.6513983792932105,0.1,0.0532069686769269
24,0.01,3.750980729913357,0.3319919164250701,0.2906483389469524,0.1,0.24342307847266892,1.8887446055533716,0.1,0.3319919164250701,1.006075094452959,0.048299604680293,0.0760333449008555,0.1,0.029729390377704418,0.6030446972289059,0.1,0.048299604680293
25,0.01,3.6038896213426943,0.3140705677131406,0.2755812508535712,0.1,0.2295293242049258,1.8106562378733733,0.1,0.3140705677131406,0.93451460732477,0.0439131362870397,0.0715917657315856,0.1,0.02670143798257077,0.5596589562294024,0.1,0.0439131362870397
26,0.01,3.4678943772170245,0.2977851981578585,0.2618559535449168,0.1,0.21690455471853073,1.738328770051271,0.1,0.2977851981578585,0.8703553621265521,0.0399399880544883,0.0675913547552749,0.1,0.024077646752493395,0.5204968339332754,0.1,0.0399399880544883
27,0.01,3.3417867827206336,0.2828569083666962,0.2493081947958941,0.1,0.20539153236254593,1.6712462835879254,0.1,0.2828569083666962,0.8126081890982082,0.0363163371132112,0.063965370738183,0.1,0.021789619425894552,0.4859678405265711,0.1,0.0363163371132112
28,0.01,3.22453329992806,0.2690091149632306,0.2378000004679004,0.1,0.19485731832849848,1.6087848362216757,0.1,0.2690091149632306,0.7604448964556418,0.0330232376590854,0.0606628815221949,0.1,0.01978356253291968,0.454394039580084,0.1,0.0330232376590854
29,0.01,3.11522698539568,0.2561648750524661,0.2272120428953031,0.1,0.1851888264902335,1.5506586942271776,0.1,0.2561648750524661,0.7131655455095507,0.0307960220188733,0.0576437551411176,0.1,0.018016910000726964,0.425955207147793,0.1,0.0307960220188733
30,0.01,3.013088426918463,0.2455016567123905,0.2174434689331012,0.1,0.17628930795333328,1.4961582536956328,0.1,0.2455016567123905,0.670178201195409,0.0287329379966839,0.0548749706257388,0.1,0.016455528427581346,0.3998817169838098,0.1,0.0287329379966839
31,0.01,2.9174344362843376,0.2358568397917394,0.2084068549075336,0.1,0.1680755486634132,1.4454262929516108,0.1,0.2358568397917394,0.6309767127962261,0.0268205825487681,0.0523296415203477,0.1,0.015071508118285065,0.3763583539415532,0.1,0.0268205825487681
32,0.01,2.8276672282696778,0.226819391305057,0.2000259559685958,0.1,0.1604756183216905,1.3977474849399842,0.1,0.226819391305057,0.5951292896101639,0.0250450817606866,0.049984253427364,0.1,0.013841517344082777,0.3548515443288094,0.1,0.0250450817606866
33,0.01,2.743259561392116,0.21833242078964,0.1922363476585075,0.1,0.15342704918883465,1.3528557737147429,0.1,0.21833242078964,0.5622621870491737,0.023390238547223,0.0478185365896707,0.1,0.012745653897814796,0.3352756066722213,0.1,0.023390238547223
34,0.01,2.6637444006735143,0.2103463017266504,0.1849784616142781,0.1,0.1468753527779447,1.310702629129703,0.1,0.2103463017266504,0.5320533817053211,0.0218390704407331,0.0458153913831964,0.1,0.011766694729107232,0.3168044269787944,0.1,0.0218390704407331
35,0.01,2.5887093024079637,0.2028175252321997,0.1782038288178878,0.1,0.1407728041165457,1.2708925632391568,0.1,0.2028175252321997,0.5042231374705494,0.0203766562798573,0.0439584279235711,0.1,0.01088963045641934,0.3002151821299215,0.1,0.0203766562798573
36,0.01,2.517785686916053,0.1957077626032893,0.1718673618532019,0.1,0.13507743938517783,1.233426990229938,0.1,0.1957077626032893,0.4785279960095744,0.0189925013675794,0.0422345740069221,0.1,0.010101377252064024,0.2851017073305548,0.1,0.0189925013675794
37,0.01,2.450644683819648,0.1889830942953955,0.1659293135655294,0.1,0.1297522248455334,1.1978975596112806,0.1,0.1889830942953955,0.4547540785145238,0.0176814401286094,0.040630738549363,0.1,0.009390579621678455,0.2707195391438722,0.1,0.0176814401286094
38,0.01,2.386992162967714,0.1826133723604143,0.1603552370852912,0.1,0.12476436413390907,1.1643166294866003,0.1,0.1826133723604143,0.4327141069916056,0.0164429717390208,0.0391356075434815,0.1,0.008747446443517272,0.2574958294475459,0.1,0.0164429717390208
39,0.01,2.3265619289269432,0.176571690536624,0.1551144835501929,0.1,0.12008471798628269,1.1324447003928035,0.1,0.176571690536624,0.4122434854100553,0.0152795355219713,0.0377396094830409,0.1,0.008163590853328956,0.2450075620666016,0.1,0.0152795355219713
40,0.01,2.2691158986002877,0.170833941654105,0.1501791578573764,0.1,0.11568731583454593,1.102176100274333,0.1,0.170833941654105,0.3931962053455122,0.0141944573320961,0.03643321233269,0.1,0.007631865715403038,0.2339414299539901,0.1,0.0141944573320961
41,0.01,2.214437922262059,0.1653784462305659,0.1455242651007301,0.1,0.1115489428727547,1.0734541573718783,0.1,0.1653784462305659,0.3754429478697663,0.0131901972895073,0.0352089595823819,0.1,0.007146198051091184,0.2231382197631554,0.1,0.0131901972895073
42,0.01,2.1623338797992977,0.1601856393970138,0.1411276857450897,0.1,0.10764878943355712,1.0461084301266408,0.1,0.1601856393970138,0.3588689313070704,0.0122672572614017,0.0340589354615122,0.1,0.00670142933163965,0.2131656132029087,0.1,0.0122672572614017
43,0.01,2.1126240896623405,0.1552378058400275,0.1369699780516427,0.1,0.10396815205692629,1.0200446992139498,0.1,0.1552378058400275,0.3433717745112575,0.0114238176029354,0.0329774259192576,0.1,0.006293167495379736,0.2039790333129325,0.1,0.0114238176029354
44,0.01,2.0651499988997553,0.1505188544475199,0.1330328310310541,0.1,0.10049017763893162,0.9951928232219808,0.1,0.1505188544475199,0.3288599644964681,0.0106559651610477,0.0319581941046588,0.1,0.005917654311866091,0.1955003118101052,0.1,0.0106559651610477
45,0.01,2.019761908403911,0.1460141259245268,0.1292998794181602,0.1,0.09719964363980813,0.9714700890981762,0.1,0.1460141259245268,0.315251601318287,0.0099582792079343,0.0309958033662537,0.1,0.005571650149836496,0.187236671726696,0.1,0.0099582792079343
46,0.01,1.976326502035075,0.1417102279000723,0.1257565704357522,0.1,0.09408276860046491,0.9487226834989394,0.1,0.1417102279000723,0.3024730778220314,0.0093245407298946,0.0300864473657308,0.1,0.005252337480991976,0.1796506230109375,0.1,0.0093245407298946
47,0.01,1.9347197514601897,0.1375948930475047,0.1223892614991665,0.1,0.09112704823512167,0.9271725703664694,0.1,0.1375948930475047,0.290458091594904,0.0087483848061122,0.0292249990683033,0.1,0.004957243803016692,0.1723151407647613,0.1,0.0087483848061122
48,0.01,1.894828827741883,0.1336568565439426,0.119185412675643,0.1,0.08832111318880878,0.9064171140624692,0.1,0.1336568565439426,0.2791469161083059,0.0083001385098766,0.0284084526418311,0.1,0.004684183385625414,0.1657394472292959,0.1,0.0083001385098766
49,0.01,1.8565494631266868,0.1298857498416697,0.1161347064679712,0.1,0.08565460521348149,0.8865643601501817,0.1,0.1298857498416697,0.2684855265411729,0.0079756624628234,0.0276328004703438,0.1,0.004431215301844297,0.1592810243313623,0.1,0.0079756624628234
50,0.01,1.8197850664261923,0.1262720082481107,0.113226022430328,0.1,0.08311806905759561,0.8674790810540141,0.1,0.1262720082481107,0.2584250316369161,0.0076655521612612,0.0268952512105216,0.1,0.004196613261470058,0.1536498923851388,0.1,0.0076655521612612
