i,K,obj_val,grad_sq_norm
0.0,1.0,95.06297926503767,1435.5910401568817
1.0,1.0,93.30977166865975,1422.4001353306712
2.0,1.0,95.67341463935156,1534.3157465165814
3.0,1.0,96.65781806915363,1542.0957112649378
4.0,1.0,98.96660456135928,1668.0683462303082
5.0,1.0,100.3850951425554,1512.6987036307871
6.0,1.0,97.91366345580724,1428.515559114226
7.0,1.0,92.43345716822077,1458.7814475919147
8.0,1.0,88.08034743844844,1363.9389438468852
9.0,1.0,102.49552079577634,1543.495819725128
10.0,1.0,89.66367866294456,1413.3396266135435
11.0,1.0,106.82234592553613,1583.643116703355
12.0,1.0,99.69551036909634,1505.93134220361
13.0,1.0,97.99201163087821,1390.3218359645066
14.0,1.0,88.22223056630753,1364.3682629243299
15.0,1.0,101.21665067893332,1558.1639783589812
16.0,1.0,94.72871425326312,1397.6095238553853
17.0,1.0,101.26693956463035,1556.7486599055835
18.0,1.0,104.04183902728806,1593.3392927342056
19.0,1.0,89.35746540165223,1231.6768442872235
20.0,1.0,108.61809610483728,1722.6769153575272
21.0,1.0,107.34468886351675,1576.4086493701666
22.0,1.0,86.79484431790999,1232.1778717290763
23.0,1.0,94.88340270787461,1559.1172610267938
24.0,1.0,89.19337760045937,1416.488459064987
25.0,1.0,102.97023844993278,1652.4435103373137
26.0,1.0,98.67639327790491,1482.2653163079167
27.0,1.0,106.77205498380152,1672.016777845292
28.0,1.0,94.24516851920802,1458.6866770103316
29.0,1.0,88.85419605585821,1340.3444432670683
30.0,1.0,102.92747062063015,1649.685908289308
31.0,1.0,100.96880174689619,1591.0541334999527
32.0,1.0,100.45386891297099,1592.7889558185852
33.0,1.0,99.51929716704774,1439.2954656986467
34.0,1.0,92.25240037915873,1425.094850137201
35.0,1.0,90.3666505564922,1315.4229399225208
36.0,1.0,96.87271065878207,1460.2504822154779
37.0,1.0,90.87038494497835,1348.5672492472781
38.0,1.0,105.45868836609569,1599.4230690981094
39.0,1.0,94.44150518463435,1465.6180871952852
40.0,1.0,93.8400517517899,1454.2135577844458
41.0,1.0,112.63296167832843,1850.3334339121345
42.0,1.0,92.61380233575748,1334.100216714217
43.0,1.0,100.43171645345082,1666.0780970998555
44.0,1.0,94.50611178375718,1374.619277854562
45.0,1.0,97.95074950794682,1450.6933395133392
46.0,1.0,109.94184880961265,1682.0143526943416
47.0,1.0,99.01047888106967,1533.0222352377273
48.0,1.0,88.02731887257076,1201.2797011329562
49.0,1.0,103.34559710415218,1558.2145754751646
50.0,1.0,103.20222856685798,1480.3278149303892
51.0,1.0,100.16162166724283,1604.0955807262203
52.0,1.0,101.39052151606691,1671.2786053276802
53.0,1.0,97.9980777440609,1489.3917043158087
54.0,1.0,96.34092473589212,1438.2943409879108
55.0,1.0,88.95827167154175,1356.8214502955175
56.0,1.0,101.22375102253895,1431.0017744801348
57.0,1.0,96.49372972453821,1433.759370092116
58.0,1.0,97.23150564091144,1449.2575313313282
59.0,1.0,93.86528316872659,1342.621056766619
60.0,1.0,93.11355466926526,1290.5182547972984
61.0,1.0,97.78957230313074,1560.1829030626902
62.0,1.0,91.01645994046282,1386.9296278299132
63.0,1.0,102.32498207489964,1454.974352092194
64.0,1.0,103.48099435972118,1527.6118705166373
65.0,1.0,96.85382815395735,1364.966597808127
66.0,1.0,95.15909149159472,1429.772746451922
67.0,1.0,93.31075000082242,1465.2018810750276
68.0,1.0,95.57100689306378,1359.994232655766
69.0,1.0,100.21992251916745,1504.641689489256
70.0,1.0,88.69388229949402,1304.0567094645894
71.0,1.0,100.36099048529397,1459.9273517845684
72.0,1.0,88.21341845635698,1252.659387912215
73.0,1.0,107.21488953422178,1543.9331694124626
74.0,1.0,91.97616615809591,1412.0636759898537
75.0,1.0,95.57468982521814,1476.2723835291642
76.0,1.0,100.36249994082328,1552.368372300045
77.0,1.0,92.91907634563877,1328.7523971342525
78.0,1.0,95.3078054488112,1446.8109087373975
79.0,1.0,95.66411249237493,1346.2029445321843
80.0,1.0,98.93824390965827,1497.1320609815557
81.0,1.0,81.88990536388863,1190.556622479866
82.0,1.0,99.78561574205872,1543.6390724719574
83.0,1.0,93.26778798571854,1284.0281823543212
84.0,1.0,92.81330663307638,1433.4504533866061
85.0,1.0,99.93063400928116,1467.6749787045765
86.0,1.0,95.51639024672387,1343.2275081988396
87.0,1.0,96.46268543985406,1531.8704228193578
88.0,1.0,103.65873927430252,1487.9469707384453
89.0,1.0,102.11833088501263,1676.722776042784
90.0,1.0,93.99147643059226,1369.7869976527732
91.0,1.0,101.74644935306361,1514.6982428407944
92.0,1.0,97.30827637928454,1584.4567098326465
93.0,1.0,99.3792702994981,1557.3157211849175
94.0,1.0,95.00381189020115,1481.0115320154343
95.0,1.0,97.98893327137299,1397.162019873259
96.0,1.0,91.98251677114291,1324.0202797684683
97.0,1.0,90.3092558814005,1307.2100793047587
98.0,1.0,92.65482294795677,1409.7318112445773
99.0,1.0,101.66810331407687,1488.1810892586186
0.0,2.0,51.71945775797953,581.5513580437681
1.0,2.0,44.48533015657837,485.3942646664335
2.0,2.0,51.28474776085015,548.8396376336452
3.0,2.0,49.397570720957496,535.0580327192088
4.0,2.0,49.06538723910353,486.20668157074346
5.0,2.0,51.10049505196085,552.3152933540568
6.0,2.0,51.15064129695552,561.3695252214619
7.0,2.0,52.5636850931046,501.27887256139167
8.0,2.0,46.787357352411505,519.2872349221292
9.0,2.0,50.58517880265862,505.42388032448844
10.0,2.0,49.35768499408204,517.9457882914696
11.0,2.0,50.23525584473231,525.3409811451944
12.0,2.0,55.30109733723346,594.6466366326769
13.0,2.0,47.621365714334516,481.6093697155703
14.0,2.0,52.61516695384037,573.7359489466703
15.0,2.0,56.489907129923694,585.3035138082458
16.0,2.0,52.078651291504855,573.2385458856729
17.0,2.0,53.57033867545786,531.0778693798895
18.0,2.0,53.523297824563976,651.992697486307
19.0,2.0,47.686957481013394,508.24586729804497
20.0,2.0,53.11408632021107,581.4026950504294
21.0,2.0,55.65716923518667,605.5496385043373
22.0,2.0,55.25143638054308,558.0414276130864
23.0,2.0,46.570414328951955,516.1684980005197
24.0,2.0,46.84932031886096,482.2902324147733
25.0,2.0,55.39829874569402,570.1725840084689
26.0,2.0,51.236656113074034,542.6688242458226
27.0,2.0,52.51477242339934,551.8155184823141
28.0,2.0,53.009820526259254,605.5895174480747
29.0,2.0,52.45310932696147,541.706046482117
30.0,2.0,48.31385397350736,510.93999457668986
31.0,2.0,53.00776008235595,556.0475193528044
32.0,2.0,47.92512978775288,505.475757147992
33.0,2.0,55.54829624381601,610.8720452887302
34.0,2.0,52.833262260456124,566.1676519714545
35.0,2.0,53.31159770817046,566.0280903796117
36.0,2.0,51.43377441113066,545.3690984216288
37.0,2.0,50.64628022108051,567.0092041782361
38.0,2.0,51.14562864296194,630.7500441734702
39.0,2.0,47.853700257977465,484.2402899779604
40.0,2.0,50.87337419533278,544.5815229791891
41.0,2.0,53.25515563984419,578.5326545094758
42.0,2.0,55.06068729199097,625.9052160982069
43.0,2.0,50.472902697943695,539.9310229568042
44.0,2.0,50.00307014175044,520.8815017194449
45.0,2.0,52.986306241321174,572.0103293502941
46.0,2.0,50.87484212053258,561.7039534550456
47.0,2.0,55.991090324665095,571.607375044179
48.0,2.0,48.836161946202694,525.6072146159738
49.0,2.0,52.052465378377626,567.143986586919
50.0,2.0,48.424769704024186,527.8321159766269
51.0,2.0,48.44691993227332,500.3778078934245
52.0,2.0,51.173251732257484,537.7667709151433
53.0,2.0,48.43901625466224,495.95761404614825
54.0,2.0,50.49505091210341,536.6798999127637
55.0,2.0,48.596098279527425,577.7662604173091
56.0,2.0,51.47977894821898,508.6308253970758
57.0,2.0,51.877151867515735,576.7158220564108
58.0,2.0,45.468923487894216,472.4945241475402
59.0,2.0,51.58660310651562,511.5196151613899
60.0,2.0,53.43689676999476,550.050412087755
61.0,2.0,52.968035483139346,574.3147361804768
62.0,2.0,48.78763516355672,521.8456854222937
63.0,2.0,51.91709257438151,561.9980522974488
64.0,2.0,56.036140643954255,625.4004810290628
65.0,2.0,51.67383285936011,550.0344749020145
66.0,2.0,54.50377108204427,570.6998669402819
67.0,2.0,53.45899617565841,561.2621499354698
68.0,2.0,49.82466486627504,574.9728598084025
69.0,2.0,46.97621364223018,514.3709298550698
70.0,2.0,51.548623380878794,594.2400868936305
71.0,2.0,49.68485961767813,518.0045169100031
72.0,2.0,51.35504442185575,526.6507043949578
73.0,2.0,47.65020445475328,495.8412222210467
74.0,2.0,53.226830328973385,575.3611887044528
75.0,2.0,52.63988297977279,529.6255721895279
76.0,2.0,51.647766820547474,550.6903604956957
77.0,2.0,51.13295012589832,537.5631365853467
78.0,2.0,51.40645783612308,559.805359088607
79.0,2.0,50.45123129750141,604.3295876486526
80.0,2.0,45.07572227467676,507.4887172913346
81.0,2.0,55.28041352797328,525.5023892875247
82.0,2.0,47.305762691469226,467.52467123717133
83.0,2.0,48.95828291694212,522.8387096175305
84.0,2.0,49.846216338292834,551.1174502383294
85.0,2.0,47.83177205890082,568.1269531751896
86.0,2.0,57.609995994819,603.8696411911493
87.0,2.0,51.35488868557458,576.5159558974359
88.0,2.0,47.17061298122657,560.1024983495084
89.0,2.0,52.86196272516581,622.9233076472121
90.0,2.0,56.58504233407406,565.3818486589523
91.0,2.0,51.20599272427913,526.2025549956231
92.0,2.0,49.75678851040857,512.8064231032436
93.0,2.0,53.806173743342875,567.762270382385
94.0,2.0,48.22420990036683,536.9973636298834
95.0,2.0,54.17064672430148,585.2369138647875
96.0,2.0,45.403025504111426,487.473804238892
97.0,2.0,51.401819360134546,517.8172914404296
98.0,2.0,46.54965821210839,488.79176702970403
99.0,2.0,54.261966259163444,559.2762696850436
0.0,3.0,38.71256097228178,292.670678112315
1.0,3.0,34.6695869005988,293.66537209308353
2.0,3.0,35.42529154591678,297.3443994709212
3.0,3.0,33.431628397314554,300.8306731318018
4.0,3.0,29.161381995575688,226.7176588814225
5.0,3.0,29.694427828346722,257.3619974696552
6.0,3.0,30.725204737090806,268.8417319772305
7.0,3.0,34.513826198566505,294.58688444140955
8.0,3.0,33.014533187774774,280.1144711254266
9.0,3.0,30.77993401294529,244.99181929915028
10.0,3.0,32.72211849892386,280.15626322810846
11.0,3.0,32.891770576762816,265.8637336540272
12.0,3.0,30.627901261566894,258.9005222845011
13.0,3.0,36.316646699854005,319.98384254762107
14.0,3.0,34.20955310301234,297.42519555233616
15.0,3.0,29.990307961375283,254.0361513053793
16.0,3.0,33.27332037885809,289.0117642015305
17.0,3.0,31.059183985790092,249.2538035696801
18.0,3.0,32.44875750810626,289.01766067589233
19.0,3.0,31.085580523087653,267.9441512367248
20.0,3.0,32.00304295439925,271.27469599966065
21.0,3.0,34.89393304008815,296.8765831088504
22.0,3.0,31.555028125596504,284.1065555026012
23.0,3.0,32.38304241841767,262.06967779868376
24.0,3.0,30.618438128200708,263.54909769691665
25.0,3.0,36.786207684871435,307.55894294101796
26.0,3.0,30.77061565700057,225.8391141462551
27.0,3.0,33.58774456004946,251.6781898436987
28.0,3.0,28.981928797311845,222.6581649877395
29.0,3.0,34.53282377914684,275.9729581552956
30.0,3.0,30.984919442092675,265.71944762730254
31.0,3.0,28.81887351666869,237.3548650729373
32.0,3.0,29.862555646557656,255.9680633591599
33.0,3.0,33.410225642376545,280.44676017610004
34.0,3.0,31.45158679350314,267.53627203971445
35.0,3.0,34.75389560340317,273.7372735855318
36.0,3.0,29.02830066327825,256.85403905568455
37.0,3.0,33.65802733201627,252.95625501511307
38.0,3.0,34.47198074209349,292.5585680552483
39.0,3.0,30.15469791260317,242.39795199483783
40.0,3.0,32.51755691715553,292.981540701654
41.0,3.0,31.476623746901936,266.76337085201294
42.0,3.0,35.745734112282875,272.8281770019603
43.0,3.0,30.425151723204266,274.214024352292
44.0,3.0,29.13448504601762,246.38142980233255
45.0,3.0,29.218357006791063,246.8170536696865
46.0,3.0,35.239322698905454,287.2368053234638
47.0,3.0,33.98905952143093,266.1377462290094
48.0,3.0,30.823228696926094,274.7782626361884
49.0,3.0,30.847052510963906,249.2638954880809
50.0,3.0,30.026656452703353,245.38565112381391
51.0,3.0,32.73507700616335,278.26592344601505
52.0,3.0,32.12366073684669,244.58862465756113
53.0,3.0,32.01382163165098,251.07605949960865
54.0,3.0,29.83199042932123,238.4365164466156
55.0,3.0,34.603597673021426,321.2559610789182
56.0,3.0,32.30456096902745,275.7085891367793
57.0,3.0,31.778511157376492,266.84184107579097
58.0,3.0,30.301854302617485,237.6465779113097
59.0,3.0,31.541033491531973,248.28777894742444
60.0,3.0,35.59276741622449,299.8082360276831
61.0,3.0,31.858703494980073,286.02656402380944
62.0,3.0,33.64129277067724,252.0675307682563
63.0,3.0,30.695278557774273,266.3100847460365
64.0,3.0,32.22231801212668,280.30188286452983
65.0,3.0,31.287335300967214,264.372935812113
66.0,3.0,34.23156859350378,296.7869434206843
67.0,3.0,31.820739440810954,294.4150942777869
68.0,3.0,34.69755806328968,287.1956555660154
69.0,3.0,32.79116479260278,254.44867928870792
70.0,3.0,35.828995512976576,288.31274102166435
71.0,3.0,31.331213242005198,276.0354810233922
72.0,3.0,34.602142826857985,273.1719832957994
73.0,3.0,31.3703761311751,267.32880093744166
74.0,3.0,32.55413225416086,298.9477933861458
75.0,3.0,34.04839065221199,263.90197964996713
76.0,3.0,32.96415540673911,277.41731460165056
77.0,3.0,34.60779681537899,281.08701227713334
78.0,3.0,31.05495897853344,242.36643306412202
79.0,3.0,31.952861457336518,274.1488816648499
80.0,3.0,37.69868405396845,315.84645090202065
81.0,3.0,30.07052213358335,272.9329705849498
82.0,3.0,30.739853587756667,251.96858045147565
83.0,3.0,30.937884275060235,273.22091228179386
84.0,3.0,30.535342940742513,261.1136352381927
85.0,3.0,37.02674432333471,300.66453670241697
86.0,3.0,32.32060063942728,278.92267043630983
87.0,3.0,35.20845840294231,296.8382857575508
88.0,3.0,33.10399686769218,267.263263219736
89.0,3.0,32.794020709858536,285.7213988627201
90.0,3.0,30.950805501415726,258.04860944602024
91.0,3.0,32.203333634553736,263.7074532792891
92.0,3.0,32.343656794185186,282.1537483253587
93.0,3.0,33.27724101391905,261.5962016666534
94.0,3.0,33.79202616161396,277.1049033753098
95.0,3.0,29.613614279967514,253.04026801546445
96.0,3.0,30.06361074608027,253.04247481825823
97.0,3.0,30.591011909782523,253.3783081299153
98.0,3.0,29.802176099204303,236.92674222166727
99.0,3.0,35.81175924803439,291.13090376338096
0.0,4.0,24.22349706773792,163.19727375638507
1.0,4.0,23.17126875426019,158.63050483278477
2.0,4.0,24.73176154480555,163.16128967200274
3.0,4.0,24.02748039230414,170.05656097480087
4.0,4.0,22.68013397918325,162.25889516853636
5.0,4.0,24.150091695343292,164.75495862562704
6.0,4.0,21.21455745200717,146.06302784049817
7.0,4.0,20.288239748659183,145.57274192731546
8.0,4.0,24.519877905958793,171.8513301377388
9.0,4.0,21.586479471329945,149.82417534867085
10.0,4.0,24.139998550653452,159.42797036204314
11.0,4.0,21.70325173855973,159.72019481011301
12.0,4.0,22.148344834906712,168.11399029234934
13.0,4.0,22.208247150914197,146.36930641596518
14.0,4.0,25.19472169450897,166.50293954732788
15.0,4.0,21.691291019870867,157.98943073129539
16.0,4.0,20.059018613271718,132.19864423787516
17.0,4.0,25.48016657610551,167.33147103583133
18.0,4.0,22.258002652181396,142.31683681912773
19.0,4.0,21.288737170799376,135.18760213153865
20.0,4.0,23.248033640212917,148.26922898154925
21.0,4.0,22.147957275449723,165.84940132110003
22.0,4.0,23.769494080503662,162.2277454217646
23.0,4.0,22.63758088631678,164.5940143922299
24.0,4.0,23.908966847635824,167.55410462709187
25.0,4.0,23.185312955329415,167.29645974477128
26.0,4.0,21.893015180128955,142.4628270319496
27.0,4.0,20.833168423649667,135.2763426123243
28.0,4.0,22.07666391462803,125.69779517653502
29.0,4.0,26.96046327159091,168.73378780032323
30.0,4.0,23.94198811557001,159.07551219580893
31.0,4.0,23.004096505732512,146.59028710965987
32.0,4.0,23.40127125741826,160.20005309464312
33.0,4.0,21.91817398709468,163.06621409369276
34.0,4.0,22.961780540562845,151.8859365616109
35.0,4.0,21.19357749049059,149.8983628045502
36.0,4.0,22.756353929051095,160.4691891133119
37.0,4.0,23.313848513866795,151.38579561358296
38.0,4.0,22.637576773785995,141.37175434084642
39.0,4.0,21.52799115864407,148.5180187760732
40.0,4.0,25.588605411202067,176.27441126186335
41.0,4.0,24.770742396819653,166.83949209561206
42.0,4.0,22.73342706926538,147.94810877172523
43.0,4.0,25.658107955321995,167.43123212039612
44.0,4.0,21.72818807245988,163.1005922369936
45.0,4.0,22.93782411018123,164.73308610756874
46.0,4.0,22.353448781848204,155.63138537798483
47.0,4.0,19.45318783945966,140.1239500260609
48.0,4.0,22.598484577441404,151.71765875352122
49.0,4.0,24.78524219016802,183.2138014094206
50.0,4.0,21.734207538222762,147.52031882995973
51.0,4.0,24.433384243349188,155.2377820992815
52.0,4.0,22.608391367129105,151.7953171249568
53.0,4.0,19.74413531854993,141.73717328965176
54.0,4.0,24.99493803799098,183.05384798055888
55.0,4.0,24.241049561156863,167.97383201599655
56.0,4.0,20.223945057059545,124.57157324459851
57.0,4.0,22.663563904314664,155.4344899429447
58.0,4.0,20.718053144258214,141.15043261121397
59.0,4.0,24.437277900140224,154.13676294647166
60.0,4.0,21.69404864383041,148.83600324028998
61.0,4.0,19.93220441728538,150.45019922858256
62.0,4.0,23.135911412689737,157.68168040498557
63.0,4.0,21.915359745211173,143.76002220410987
64.0,4.0,23.44737798236983,156.32625995575077
65.0,4.0,23.59897633448472,158.25260193555175
66.0,4.0,20.52932901835285,138.62225876013707
67.0,4.0,24.8584160681727,164.15039550711043
68.0,4.0,23.334764333417937,162.55369549298425
69.0,4.0,23.79731643884096,164.98057415313534
70.0,4.0,21.91862760046841,164.40376114838688
71.0,4.0,24.806601955272114,175.41943052958177
72.0,4.0,20.96180654871464,136.40845343140927
73.0,4.0,21.413614362294247,141.01407955757597
74.0,4.0,23.86352885130896,171.61122830400885
75.0,4.0,20.964687418101228,153.26982641464267
76.0,4.0,22.696766794565068,156.43585516608454
77.0,4.0,22.92219220588943,176.63298906053325
78.0,4.0,24.495002962529675,167.2979395395863
79.0,4.0,23.31943365977871,162.7683094320957
80.0,4.0,23.181467970182503,166.0775897560997
81.0,4.0,22.48875991791563,152.6127048580314
82.0,4.0,22.670382741680946,142.456494974463
83.0,4.0,25.789155220337236,179.07746459922083
84.0,4.0,25.141516424964042,165.42130347646327
85.0,4.0,22.39804534168706,176.57932917505923
86.0,4.0,21.235082576713335,148.92369324419752
87.0,4.0,21.58682690914059,144.11227484713427
88.0,4.0,22.630947212937357,155.82224615547835
89.0,4.0,22.670083238963333,160.85946002270472
90.0,4.0,23.004706234421988,164.87968427697592
91.0,4.0,23.456926912623786,164.65220460937465
92.0,4.0,20.406068963703554,150.08362908953217
93.0,4.0,21.527065088766577,157.88038026791565
94.0,4.0,23.90031215986975,151.51509604788185
95.0,4.0,24.063572294887315,154.67808957585888
96.0,4.0,22.086014067714068,155.9197084877108
97.0,4.0,22.353383075768274,162.52269922128175
98.0,4.0,23.5919749807014,164.87578226036663
99.0,4.0,23.90941139894651,163.2351271922319
0.0,5.0,18.210673371506594,103.87675674264649
1.0,5.0,18.3701569849664,102.58770703803162
2.0,5.0,16.949268409985926,110.3666580201997
3.0,5.0,18.662927573628064,113.25765730445833
4.0,5.0,15.611226534839187,101.61289094080661
5.0,5.0,16.647684383361767,102.03308978782158
6.0,5.0,19.108773913997155,116.70218122085694
7.0,5.0,18.732688996288722,107.14292413598795
8.0,5.0,16.60531145431892,103.63045402126758
9.0,5.0,18.62178833257402,109.25764125294161
10.0,5.0,18.150755752620228,105.12558566890041
11.0,5.0,17.54965259915537,101.39943875674004
12.0,5.0,18.44923300417406,110.73167956035505
13.0,5.0,17.12898966792965,98.29758688402327
14.0,5.0,17.328969462440202,96.58630696977191
15.0,5.0,17.08994126377842,105.1851610119995
16.0,5.0,15.897024489401023,95.56308667906694
17.0,5.0,17.9058040227967,97.5391033034054
18.0,5.0,18.122997858653584,87.0026943749219
19.0,5.0,17.3723709931884,99.18880108601708
20.0,5.0,17.23979503560331,94.66951964771972
21.0,5.0,19.443738302544514,113.68871246826292
22.0,5.0,17.655626435638364,102.00103196220988
23.0,5.0,13.830590727631328,87.66142649238851
24.0,5.0,17.064094680009863,96.29937072476743
25.0,5.0,18.79703719521931,118.27008074664866
26.0,5.0,16.846854749052298,99.05174550344725
27.0,5.0,16.96744855611935,94.78027782129473
28.0,5.0,17.74797843907958,109.36260695932049
29.0,5.0,15.819209991045529,91.80164227261484
30.0,5.0,18.125126236153314,102.93616777541888
31.0,5.0,15.101029249087176,86.68976265040115
32.0,5.0,16.16934920733673,89.7077518570516
33.0,5.0,18.336039886238492,99.02090981488139
34.0,5.0,15.646695812874354,87.70575706889481
35.0,5.0,17.224896189599193,97.26795263947389
36.0,5.0,15.81173815614055,85.01960601565408
37.0,5.0,17.58684034151677,103.1613760975608
38.0,5.0,17.41143857800723,107.58798031557768
39.0,5.0,16.598844339645993,93.38871626904212
40.0,5.0,18.992328344537732,104.3954422491705
41.0,5.0,19.642394847009214,111.78841181334616
42.0,5.0,18.53909410074539,102.4027655989263
43.0,5.0,16.168525432244635,87.16541961357187
44.0,5.0,19.5459469440866,105.78257123398713
45.0,5.0,19.15761107543163,111.06339133060932
46.0,5.0,16.427871702404214,86.20600545340243
47.0,5.0,15.893555885208508,93.4306251503677
48.0,5.0,16.563124498035886,102.93499358761906
49.0,5.0,16.99388444789446,95.98138013363163
50.0,5.0,18.703909431205666,91.43357497261931
51.0,5.0,16.278956549227875,93.7758224918957
52.0,5.0,17.71707861704514,95.66411495370679
53.0,5.0,19.117027587566565,118.10585238948727
54.0,5.0,14.553976937750756,97.2658686263742
55.0,5.0,18.659319601108447,109.8000499787988
56.0,5.0,16.481751556237096,94.66260386649239
57.0,5.0,17.65549957240882,106.75142497651692
58.0,5.0,15.75299560147678,85.43859551744721
59.0,5.0,17.318224769839258,93.03772379208289
60.0,5.0,16.374860176507543,95.2714660936769
61.0,5.0,18.307928862668998,104.90350432024547
62.0,5.0,16.548952826223704,95.94684443935775
63.0,5.0,16.155252242566892,93.32620400017242
64.0,5.0,17.850151310776575,109.02613287017752
65.0,5.0,17.183598425645897,108.43502712223662
66.0,5.0,16.159318367220052,92.24270849972504
67.0,5.0,16.85796811812446,97.20341601754902
68.0,5.0,16.70326249955551,95.95850737525943
69.0,5.0,16.920533329796115,96.62716164105177
70.0,5.0,16.351283645234513,101.44882572814888
71.0,5.0,18.965750898168018,115.34834491423125
72.0,5.0,17.497686333988362,105.03901669379727
73.0,5.0,17.104198874982323,99.45375826753617
74.0,5.0,16.760866764889514,98.86487559692938
75.0,5.0,15.9418048138504,94.10217282984512
76.0,5.0,15.596237214616831,95.04488065695237
77.0,5.0,17.348715627860877,101.27468273936142
78.0,5.0,18.420665034118368,106.10881088959076
79.0,5.0,15.190435734847977,90.65527633806443
80.0,5.0,17.629465174167294,106.39839235504385
81.0,5.0,17.13515068747418,90.61601090429158
82.0,5.0,18.894664911471146,103.71013720377971
83.0,5.0,18.150322694996163,97.33559274707217
84.0,5.0,18.78999440752304,97.5509719456073
85.0,5.0,15.335831504566166,87.54157643398018
86.0,5.0,17.445712465884363,99.28029216782622
87.0,5.0,17.2737414900391,109.01419236035545
88.0,5.0,18.003808421964344,107.77933648363069
89.0,5.0,18.342274391934502,98.71471632114844
90.0,5.0,14.807175153588009,88.6191949331567
91.0,5.0,16.35692867666787,104.5763724954912
92.0,5.0,17.014319350671663,93.43790703010933
93.0,5.0,15.237815947601398,88.6540666585874
94.0,5.0,18.65300023933621,101.34104059787582
95.0,5.0,17.060173708045937,100.41606919280898
96.0,5.0,16.97284412168939,93.58162461317181
97.0,5.0,16.45058094631925,100.7934739755639
98.0,5.0,17.240282949832554,95.86212661708868
99.0,5.0,16.830883998040818,95.79625722436178
0.0,6.0,12.575332816056603,64.53732610871505
1.0,6.0,12.311798270609623,61.74329291966895
2.0,6.0,12.213995642293856,61.431904111165665
3.0,6.0,13.365276431961114,68.86839230758991
4.0,6.0,11.03896074284535,56.65352604993229
5.0,6.0,14.065498348488532,68.302399022447
6.0,6.0,13.4112706954051,70.23571804917539
7.0,6.0,14.010139689091332,68.63495987422532
8.0,6.0,13.624097782324597,68.43556445998973
9.0,6.0,14.009452740720292,63.205223606604314
10.0,6.0,15.917692277323852,75.5885841707447
11.0,6.0,13.17661044177413,66.2518093706476
12.0,6.0,12.51078621583643,63.39271478828911
13.0,6.0,12.83777054962082,67.75348921038331
14.0,6.0,13.511110997704233,64.22607139076734
15.0,6.0,13.818159303601819,65.42668217450026
16.0,6.0,14.940123207480202,68.25874666756076
17.0,6.0,12.119562828619173,58.26681962252893
18.0,6.0,14.598534960815755,66.51933522873644
19.0,6.0,14.517012989629103,73.03527329151524
20.0,6.0,13.425638473675976,74.22688748042879
21.0,6.0,14.678124885759988,69.42988343165942
22.0,6.0,15.24410848017828,81.96488572001353
23.0,6.0,14.881640747287864,71.89204292721263
24.0,6.0,12.269467545003735,71.22145984035515
25.0,6.0,14.323717596112859,69.93116798922105
26.0,6.0,15.3483446673694,73.77712279514346
27.0,6.0,14.372557772429778,71.2138614846399
28.0,6.0,13.903466824681654,66.5252139979588
29.0,6.0,13.388635119517694,61.96585220810979
30.0,6.0,13.9032008042367,66.51438894180777
31.0,6.0,13.152422849304244,68.78022522052713
32.0,6.0,12.697079775851861,64.30871618844391
33.0,6.0,13.113627525339385,70.31507153713534
34.0,6.0,12.733159619209651,59.515341341056654
35.0,6.0,13.87921996306908,68.05741295045098
36.0,6.0,13.191056246482756,67.47357017439964
37.0,6.0,15.356297744429666,86.00667991152218
38.0,6.0,12.86524083211743,64.5720655738856
39.0,6.0,13.221401364781043,69.19049168836102
40.0,6.0,12.955561112352779,64.1474348417726
41.0,6.0,12.144901551378027,56.04830018974645
42.0,6.0,14.225568010649813,65.26938535760392
43.0,6.0,13.520800218363707,68.81236042784232
44.0,6.0,12.903785665149135,67.06062600035577
45.0,6.0,15.063533873838256,81.22462596165018
46.0,6.0,14.39098945086796,68.42140722928552
47.0,6.0,11.381584128355364,60.13150990326538
48.0,6.0,13.356120542989785,63.58363369536313
49.0,6.0,13.08601787750143,59.91036925490714
50.0,6.0,13.249527810209953,66.1361724422443
51.0,6.0,12.92741783542032,67.62035216864955
52.0,6.0,15.358255937200553,73.31275858842689
53.0,6.0,13.319863771402884,70.36715595676073
54.0,6.0,13.015156651008457,66.81177415888723
55.0,6.0,12.135140031847477,60.685522233796476
56.0,6.0,14.015085040024882,73.5786982697869
57.0,6.0,14.302267125181881,71.14038715496307
58.0,6.0,14.380435886834555,75.60890316184077
59.0,6.0,14.164527702124696,75.16586151793427
60.0,6.0,13.436409739985509,70.79056695135145
61.0,6.0,12.235205961185798,63.07120352634887
62.0,6.0,13.129729067577902,59.76492702007901
63.0,6.0,12.839116356688342,63.5436342961664
64.0,6.0,14.89318102120502,68.62710899929347
65.0,6.0,13.217476398663859,70.93817733486846
66.0,6.0,12.963049358738404,72.15868354547626
67.0,6.0,12.846026723563917,69.41539580508788
68.0,6.0,13.392490448084558,66.10898812902973
69.0,6.0,15.618786999856113,69.36146816402288
70.0,6.0,14.440673736765875,72.71056051399562
71.0,6.0,13.455673531180487,74.38123732354781
72.0,6.0,14.792794373179863,69.87954316074054
73.0,6.0,15.537833341004742,67.65699232798468
74.0,6.0,13.577654328039554,61.283277231157314
75.0,6.0,13.63133018706377,71.84444539331362
76.0,6.0,11.971964588883953,58.60211201938919
77.0,6.0,12.956986783960712,62.508897754917705
78.0,6.0,11.506131716599281,61.356754234829346
79.0,6.0,13.45621684429506,76.3340136661235
80.0,6.0,15.961793500610273,71.7658543991783
81.0,6.0,13.340821786247378,65.30622035597492
82.0,6.0,13.644255046043448,66.56788961104053
83.0,6.0,14.197112633537753,70.5227306787648
84.0,6.0,14.970070327786878,67.94683743171629
85.0,6.0,13.541566217836486,69.4079549712078
86.0,6.0,12.273203039390001,71.41591482060007
87.0,6.0,11.300764553439107,53.09078237019634
88.0,6.0,13.576230414370619,72.01461152194169
89.0,6.0,14.111157512428967,66.70623531970543
90.0,6.0,12.656954806251889,61.13338753626317
91.0,6.0,14.434590136404285,67.02752681031433
92.0,6.0,13.621913535809828,65.93967612731609
93.0,6.0,12.61697396051848,67.66358392015901
94.0,6.0,16.482853315940226,74.62149366369516
95.0,6.0,15.093684616302468,68.26152393074031
96.0,6.0,12.604329382539838,64.11568061068162
97.0,6.0,12.950090134243993,61.948987001701994
98.0,6.0,13.453054611355054,70.6826398290402
99.0,6.0,14.432261207613449,77.5084840626836
0.0,7.0,12.478150960807485,53.3436976747969
1.0,7.0,10.571232745089972,47.94948859819635
2.0,7.0,12.178293086201336,51.86233291276576
3.0,7.0,11.696064899782726,51.043557457855684
4.0,7.0,11.803234002105526,56.39390547613918
5.0,7.0,10.78785489200233,39.50210963505209
6.0,7.0,11.27896611655678,48.06875506539311
7.0,7.0,13.603919097994938,57.85985178404739
8.0,7.0,12.040388186030452,54.978514839412554
9.0,7.0,12.445349125947018,48.74812148733967
10.0,7.0,12.227038791927736,52.00634775807694
11.0,7.0,13.77151794628627,58.085700901649744
12.0,7.0,10.33919647990102,43.23534890843927
13.0,7.0,10.807717823537917,46.85930708921145
14.0,7.0,10.056492886813096,40.13203800318914
15.0,7.0,12.580987021744573,55.411322182871324
16.0,7.0,10.62983948906164,47.48529283390078
17.0,7.0,10.491402003156228,47.06324074644547
18.0,7.0,10.502143438758532,47.28074148489671
19.0,7.0,10.264473391389316,43.18931238260773
20.0,7.0,11.364237893068958,48.77004746293321
21.0,7.0,10.761176603076695,50.13256380033133
22.0,7.0,12.249153244770795,51.03465185837585
23.0,7.0,11.261306358356165,50.01604455028886
24.0,7.0,10.430597212663589,47.84506249692677
25.0,7.0,13.263358882888836,56.979085346444876
26.0,7.0,9.995910971928483,44.41534065491753
27.0,7.0,9.908541605281137,45.22226057368911
28.0,7.0,10.693526702032607,46.68296852149234
29.0,7.0,11.459258554987255,56.26045853796571
30.0,7.0,11.474181939584028,51.24600441889014
31.0,7.0,10.60277269746794,46.946777365325026
32.0,7.0,10.145456003357383,46.11620149442021
33.0,7.0,10.135388921567687,44.98910028149708
34.0,7.0,10.93727475243336,45.02042210335226
35.0,7.0,12.432387222468043,51.88503032430375
36.0,7.0,11.98593203776072,49.98373804877525
37.0,7.0,9.282325051443248,49.98110783971967
38.0,7.0,11.298480620608213,50.42649036118638
39.0,7.0,12.338930587427443,54.28534954779068
40.0,7.0,10.661930316839928,46.03417068944906
41.0,7.0,10.566808975645326,43.75219971783995
42.0,7.0,11.345074745154527,49.85967627222963
43.0,7.0,11.212548711831268,50.36337429611268
44.0,7.0,10.830938574371803,48.072553093493056
45.0,7.0,11.79853597250132,48.18032090404131
46.0,7.0,11.696457596709891,48.33631749108279
47.0,7.0,12.840491452759707,52.75712884418013
48.0,7.0,9.352226231549038,42.863332509266215
49.0,7.0,11.536503325288386,50.576346318168945
50.0,7.0,9.307206872695922,41.86883552903991
51.0,7.0,9.793511589754258,44.78308049005736
52.0,7.0,12.633378757343783,57.000688167633314
53.0,7.0,11.451464345849068,53.56269154319512
54.0,7.0,10.599065319041284,48.57172121217896
55.0,7.0,10.380316793683917,40.163593534927465
56.0,7.0,11.966505526385177,47.88586492310809
57.0,7.0,11.463039980633393,51.7994377186723
58.0,7.0,10.678237448023962,48.208031080462916
59.0,7.0,10.998611882676418,50.79030290555117
60.0,7.0,9.725612783402418,49.67941270476981
61.0,7.0,12.09303648588887,48.946233768569506
62.0,7.0,10.885924946335086,46.584867625814006
63.0,7.0,11.111826135488979,52.956122880188815
64.0,7.0,10.381175626650693,47.609418886070486
65.0,7.0,10.627612666269048,51.826806680136755
66.0,7.0,11.806103674155073,50.733169295470056
67.0,7.0,11.582560012998147,48.23989851845203
68.0,7.0,11.825897150992407,49.45804283051062
69.0,7.0,12.594882839973309,49.50464853438306
70.0,7.0,11.756118772966477,53.439782209280494
71.0,7.0,10.867830056159367,48.58380025653574
72.0,7.0,10.678531364596328,49.596877541650386
73.0,7.0,11.717704863150136,51.020251453866024
74.0,7.0,11.873170913421195,50.69289603756924
75.0,7.0,12.009829555719959,56.533441770765045
76.0,7.0,11.167380151403462,48.80680745352752
77.0,7.0,10.122659357223109,46.35032746778876
78.0,7.0,11.908462897394699,49.17025540089264
79.0,7.0,10.668836736528824,49.541546008654464
80.0,7.0,11.358276696549945,54.043158914788194
81.0,7.0,10.078735744968235,44.08338547429968
82.0,7.0,12.321991917769662,52.15719735362684
83.0,7.0,10.88982760233618,48.159521496141345
84.0,7.0,9.750048237157113,43.55839479891188
85.0,7.0,10.587188514227321,49.109564108113275
86.0,7.0,11.59376430810718,56.16661369619848
87.0,7.0,9.851953831725364,45.43882455363193
88.0,7.0,10.708813384263884,44.33783816033139
89.0,7.0,10.761564858956156,48.21033289134053
90.0,7.0,11.368683930908812,48.25357471275481
91.0,7.0,12.739048257900059,61.90946461226886
92.0,7.0,11.045468223830435,46.98070833365123
93.0,7.0,11.30372564278266,56.020784514955125
94.0,7.0,11.744372977812699,49.182300668264205
95.0,7.0,10.61909166179824,49.937195908773255
96.0,7.0,10.592448591746727,49.1139385756097
97.0,7.0,12.264976280144813,57.04639905285953
98.0,7.0,10.146218413130983,45.05927064097078
99.0,7.0,11.089962017021385,49.264269072299584
0.0,8.0,9.781137168680045,38.14843844089738
1.0,8.0,9.285170222523758,37.12359535323659
2.0,8.0,10.0502947875632,40.6619472021594
3.0,8.0,10.728242350209356,41.52110463084224
4.0,8.0,9.299434680271817,36.77086977867286
5.0,8.0,9.678922601085759,38.10491513814914
6.0,8.0,8.77870297640527,37.86889974059174
7.0,8.0,9.298189886979847,34.69264546723714
8.0,8.0,9.286509638779822,37.139814702253254
9.0,8.0,10.206169596934373,39.65693319068164
10.0,8.0,9.682100214499632,36.124641402975804
11.0,8.0,8.955147446647182,38.68501364209689
12.0,8.0,9.956475754878856,33.01015756677221
13.0,8.0,7.64340486553986,33.048797567575264
14.0,8.0,9.527397584612604,35.84168365136381
15.0,8.0,9.738859635812213,42.376950319612114
16.0,8.0,7.8861306548562045,36.08313716962698
17.0,8.0,8.388045213593292,31.015424315266944
18.0,8.0,10.084919354883013,39.16784699298736
19.0,8.0,9.219616234758446,34.55695604749192
20.0,8.0,7.716614784075535,28.164506432181696
21.0,8.0,10.214135761267258,38.45503920557095
22.0,8.0,9.561538592466539,38.840744656370426
23.0,8.0,9.578045884959181,36.552906318002194
24.0,8.0,11.06114921379946,42.145360196076524
25.0,8.0,10.175437757498381,41.75574731302933
26.0,8.0,8.892344476577838,35.261850894805434
27.0,8.0,10.165580669074764,42.460985393429425
28.0,8.0,9.951290063811928,40.074972487051106
29.0,8.0,9.21767661916542,42.87283424618769
30.0,8.0,8.483631104536412,30.300004292146838
31.0,8.0,8.461605464817458,34.05538268724602
32.0,8.0,9.51378954315291,39.17656819331484
33.0,8.0,10.598126633022465,40.56765938216868
34.0,8.0,10.312358279806945,38.169305397555014
35.0,8.0,9.964830287421883,36.48121635259819
36.0,8.0,10.743870377622024,41.53804991913826
37.0,8.0,8.226664654748776,33.71734796282001
38.0,8.0,8.865156213658704,39.01570553347581
39.0,8.0,8.43755928356078,36.05705539282634
40.0,8.0,8.021655675797463,35.11289362136277
41.0,8.0,7.9612418143618955,31.903015825492588
42.0,8.0,10.665057882911343,38.14173438669888
43.0,8.0,10.370585752255757,44.520662961013315
44.0,8.0,10.468793996664285,43.35150923341951
45.0,8.0,9.684913340456138,41.97518877210967
46.0,8.0,8.501955141927198,35.37451195142771
47.0,8.0,11.590827322284415,39.4041964297619
48.0,8.0,8.557418359860112,37.934475229046726
49.0,8.0,9.484341492847513,35.99898372978501
50.0,8.0,9.122218580948104,41.24098141133391
51.0,8.0,8.171363317893155,33.36608812530446
52.0,8.0,10.292800526776697,39.45762949545083
53.0,8.0,11.440699600010781,46.41289079721935
54.0,8.0,9.320959970829584,36.66983247685107
55.0,8.0,10.487977004725021,35.15784692457249
56.0,8.0,8.638326604667508,31.46097284609174
57.0,8.0,10.813613090267342,37.96938163910654
58.0,8.0,10.243185001141025,39.99520582811045
59.0,8.0,8.083634711983965,33.49675397115407
60.0,8.0,11.263296652636956,43.81751829125482
61.0,8.0,9.871552378239318,38.63225545962067
62.0,8.0,9.07604969295477,31.999210772611164
63.0,8.0,9.005112719866379,36.33958137319949
64.0,8.0,7.818675314650859,30.270729039613194
65.0,8.0,9.38456299492353,36.80840795963942
66.0,8.0,8.508603264436298,33.72557978345516
67.0,8.0,11.687061456820595,43.62112736681306
68.0,8.0,8.336368303327422,34.176938017530006
69.0,8.0,11.293149820424324,43.186624857639266
70.0,8.0,8.608608601790904,32.234987220941306
71.0,8.0,9.395334225646977,36.78878304553156
72.0,8.0,9.328184449904386,38.88392110225266
73.0,8.0,8.99408413168263,37.804085938900535
74.0,8.0,9.55400063531485,38.63103580999133
75.0,8.0,8.925971618985633,34.1843397299765
76.0,8.0,9.863871723202767,37.63936030410333
77.0,8.0,8.706352030549603,38.41259187325101
78.0,8.0,10.236400972709692,40.810870859926325
79.0,8.0,9.625554240504545,36.720599231409764
80.0,8.0,8.956767326834543,37.10204522773988
81.0,8.0,7.644000435503651,32.11829205493742
82.0,8.0,8.927929068762229,32.6910764998875
83.0,8.0,10.688212983086213,36.30125043543158
84.0,8.0,7.235137828718755,32.296532445254876
85.0,8.0,8.508437331199637,34.28856053788645
86.0,8.0,9.291127005780684,31.59529570170306
87.0,8.0,8.938870912295489,35.4772670579587
88.0,8.0,9.067296045673427,35.59843585911591
89.0,8.0,9.652488865317933,42.08751197231176
90.0,8.0,9.776390988951983,35.33791527842001
91.0,8.0,8.404318730677891,32.799736459682315
92.0,8.0,8.268553957193177,31.268871249821682
93.0,8.0,9.419634444488633,35.12577843735753
94.0,8.0,10.199561337115501,40.47644498157459
95.0,8.0,8.919891461609144,36.068041346088194
96.0,8.0,9.501353955965836,36.67678970608559
97.0,8.0,9.978823688115305,40.64336291269983
98.0,8.0,9.12142260185243,32.713401730766044
99.0,8.0,9.486853800888008,39.732076711617125
0.0,9.0,6.789793937680146,23.408295678478463
1.0,9.0,7.193305461963658,24.02006652240587
2.0,9.0,8.521794043239762,31.62096665797224
3.0,9.0,7.579527756001088,28.014089614421575
4.0,9.0,6.533087708475755,25.771404145735474
5.0,9.0,7.439034400858381,25.182378227393095
6.0,9.0,7.125874623193111,25.49050702039058
7.0,9.0,7.101910374290511,27.62272051393198
8.0,9.0,7.874724905293849,28.399552715965456
9.0,9.0,8.361352831067354,31.589163562190734
10.0,9.0,7.941690237777221,27.053726271795107
11.0,9.0,8.331226588664185,30.76784968575158
12.0,9.0,8.164411305214927,26.712150571070755
13.0,9.0,7.632059543630105,26.87102076672073
14.0,9.0,8.288156168570845,29.104610471658862
15.0,9.0,8.620046501584124,28.255851889637785
16.0,9.0,7.847791847661705,28.58632296897286
17.0,9.0,8.879960394325849,32.93611283374612
18.0,9.0,8.375058328969827,29.189427784980484
19.0,9.0,7.985904195309631,28.259418215077726
20.0,9.0,7.881302507936846,28.729960249900675
21.0,9.0,7.494262198229586,24.96967776767978
22.0,9.0,7.265956007777451,23.874478746841845
23.0,9.0,7.67038710238522,25.55637257887258
24.0,9.0,8.23546181330393,27.131736310275492
25.0,9.0,8.587581124318142,31.723417097990243
26.0,9.0,7.159576490117354,25.81136633438645
27.0,9.0,7.453630993467025,28.777573231542725
28.0,9.0,7.110577700724196,24.58792304805677
29.0,9.0,8.404366474758465,29.509969399270403
30.0,9.0,6.884260311012726,26.107901301026946
31.0,9.0,7.676780296793006,28.364368019551115
32.0,9.0,8.230285615625547,29.708567228522305
33.0,9.0,7.750471144771064,23.85575145780803
34.0,9.0,6.831730497789664,23.930643199694337
35.0,9.0,7.385412223297051,27.722747316193978
36.0,9.0,7.299251055161119,24.413699905897246
37.0,9.0,6.984378013294954,24.412719062818383
38.0,9.0,5.9205372420708775,21.415366394350215
39.0,9.0,7.586570539732007,30.608594888772977
40.0,9.0,8.75532429244467,29.997590221275033
41.0,9.0,9.369495078086105,30.23668583857137
42.0,9.0,7.157645689479683,27.123428221727092
43.0,9.0,8.495680161910414,30.4891606366346
44.0,9.0,7.4600614060788715,28.756946331674996
45.0,9.0,8.384475133717332,26.519674951981337
46.0,9.0,7.2786022999292985,27.677989563683568
47.0,9.0,8.024963647994769,27.830225828840177
48.0,9.0,8.387956889149661,28.407698102518673
49.0,9.0,8.429206858811142,31.150903167285932
50.0,9.0,10.019056790971756,35.731143771774356
51.0,9.0,7.287785052641723,28.977487801109163
52.0,9.0,8.170331927640065,30.12702484246308
53.0,9.0,7.308188712038558,26.54461344946926
54.0,9.0,7.962887077177866,31.099916606290815
55.0,9.0,7.4066008834950345,27.207027866639166
56.0,9.0,7.494363054695649,27.594531016067066
57.0,9.0,7.064848970635472,24.26901918716044
58.0,9.0,7.349559993613406,25.59792696487455
59.0,9.0,7.123866565051326,24.338201517623553
60.0,9.0,7.264445062802881,28.27837777285169
61.0,9.0,8.422073363780772,30.794617683836435
62.0,9.0,8.293087987233989,24.747327654454374
63.0,9.0,7.8936788577070445,28.597076645084158
64.0,9.0,8.084663580267778,28.370192853840358
65.0,9.0,9.093104825238935,33.12263326345743
66.0,9.0,8.398783286635972,29.720597906557735
67.0,9.0,8.190068451528337,26.8018067460929
68.0,9.0,8.152157171094336,24.718463148436193
69.0,9.0,7.194463262190176,28.01760130418291
70.0,9.0,10.109892307368394,32.47681666542393
71.0,9.0,8.940775950027055,32.60448414096682
72.0,9.0,8.861400648068244,29.765348758976074
73.0,9.0,8.306444096276145,26.59012226031489
74.0,9.0,6.959443146739232,24.72413901105998
75.0,9.0,6.584327191957668,22.178390891719257
76.0,9.0,8.155188066480878,30.734204117119177
77.0,9.0,7.334460667729496,24.04564181981536
78.0,9.0,8.70988560695369,30.60694589117311
79.0,9.0,9.310782465564474,30.90773417086916
80.0,9.0,9.537534651580293,32.438943685336554
81.0,9.0,7.095589459066723,27.921414280174936
82.0,9.0,6.888834918928545,24.242240550182586
83.0,9.0,8.338785079610279,28.21824531752294
84.0,9.0,7.09893688643204,24.604630235960386
85.0,9.0,8.776985488757951,32.29472103834477
86.0,9.0,7.965562735121043,30.953820811718025
87.0,9.0,9.242337956110156,31.615692832052687
88.0,9.0,8.451801697451607,28.194102846345515
89.0,9.0,8.627408910071551,30.50751953557511
90.0,9.0,8.367753439363835,27.343270262497974
91.0,9.0,8.039391533184055,28.11918613053955
92.0,9.0,6.4672744299757134,22.42933476104579
93.0,9.0,8.249631442280034,27.547698969645214
94.0,9.0,9.135297274982275,30.152234093195272
95.0,9.0,8.34819188551597,29.670946718140925
96.0,9.0,7.033324001918604,24.579159996928894
97.0,9.0,9.177960903712743,30.937483860775227
98.0,9.0,7.437525221271968,26.372946314756444
99.0,9.0,8.918981332088862,32.11871727860818
0.0,10.0,6.321965106388209,20.313848092386635
1.0,10.0,7.374414143943249,22.935892027942007
2.0,10.0,7.594709578000042,25.136865560354956
3.0,10.0,7.757633021879736,28.65459902920269
4.0,10.0,6.486225611572708,22.16364414394511
5.0,10.0,7.434086200881151,25.91396234426281
6.0,10.0,7.688283982613591,25.71883458088422
7.0,10.0,6.959904817006945,22.765776039083732
8.0,10.0,5.96074965301678,20.490641833299108
9.0,10.0,6.263741502544366,24.161641738271012
10.0,10.0,6.053264898447049,19.632717733229775
11.0,10.0,7.462160919395229,23.66681148324924
12.0,10.0,6.044808233183626,21.873474851573043
13.0,10.0,7.1338325661386515,20.737511839352194
14.0,10.0,6.660631702643165,21.134769705452342
15.0,10.0,6.763634118449376,22.905947937302074
16.0,10.0,6.192868950522522,18.73177559421525
17.0,10.0,7.789133571423505,27.061474595662517
18.0,10.0,6.806929169901748,22.395254109977735
19.0,10.0,6.117372338603792,21.500002228202295
20.0,10.0,5.911881672947096,20.69005543359872
21.0,10.0,6.668418826145741,20.65520498643435
22.0,10.0,6.800444744596159,23.58458933552375
23.0,10.0,6.703461585919952,21.725987310501303
24.0,10.0,6.487264649004749,19.903918159499188
25.0,10.0,8.24294915725249,26.219361920865204
26.0,10.0,7.991297157763799,25.816537990968765
27.0,10.0,6.814309045456478,21.613016131907436
28.0,10.0,6.126604943061338,17.36736053594469
29.0,10.0,7.6351964470681715,23.295969465332515
30.0,10.0,6.804003278026206,21.188467836759365
31.0,10.0,7.643152319453533,25.205700394586263
32.0,10.0,6.653056021127475,21.94571906500484
33.0,10.0,5.919439589939536,20.37766731845596
34.0,10.0,6.618163961456872,22.636829985357046
35.0,10.0,6.077199003585642,18.204438374656046
36.0,10.0,8.625123749633147,23.793402187497833
37.0,10.0,7.186285950632815,24.53315262107813
38.0,10.0,6.683381319286518,21.072435091179972
39.0,10.0,6.83861977696916,22.881942230925276
40.0,10.0,5.75921045999268,18.44983860562475
41.0,10.0,6.70990715573725,22.355553445051946
42.0,10.0,7.469626800124237,24.424487382295244
43.0,10.0,6.441435994650353,22.171958672383553
44.0,10.0,5.9286772159869905,20.255397245135676
45.0,10.0,6.364548024349048,19.868371439834934
46.0,10.0,6.733377294938393,22.601635823061837
47.0,10.0,8.56521127051278,28.799449533125845
48.0,10.0,6.702906297859631,20.819325052853806
49.0,10.0,6.278626701513494,19.71320789579818
50.0,10.0,6.769496418769863,21.41080710549386
51.0,10.0,6.732409653203111,24.13769726306971
52.0,10.0,6.938283570367992,25.425717691676958
53.0,10.0,6.854790375191016,24.277517365784174
54.0,10.0,6.774858626107762,21.79146395553228
55.0,10.0,8.06521712230677,25.794229632189932
56.0,10.0,7.303031703594675,24.09166769609248
57.0,10.0,6.357540515596533,21.272116482268874
58.0,10.0,6.660464422796099,21.772895434219272
59.0,10.0,7.268550088289878,24.41441162292443
60.0,10.0,6.246675111521933,17.5543295063695
61.0,10.0,7.580997870747071,23.844994351072728
62.0,10.0,7.764209883913896,25.765234513390006
63.0,10.0,6.433288479892626,21.59868801421196
64.0,10.0,6.559217396276027,22.0014446615612
65.0,10.0,7.659620893748405,25.94490251974998
66.0,10.0,7.070968472161463,23.069262409179064
67.0,10.0,6.801063429107356,20.565605366639538
68.0,10.0,6.555760401859424,21.01579659461906
69.0,10.0,6.662928159800925,21.545093842397435
70.0,10.0,7.4836051759235875,24.231842663777964
71.0,10.0,7.412827969295666,22.948488301417353
72.0,10.0,6.2450830708156,21.983612878272414
73.0,10.0,8.00676662876005,24.939232581405484
74.0,10.0,6.656580757606836,23.593756931509596
75.0,10.0,6.622721992050165,22.092509261574435
76.0,10.0,7.417549636714006,24.535454380580635
77.0,10.0,6.318347448805717,21.298441184631763
78.0,10.0,6.349273931676055,20.907237835693486
79.0,10.0,6.230475833135234,19.800865569524824
80.0,10.0,7.476900554011364,23.259721061589136
81.0,10.0,7.206068719704428,21.939660740290897
82.0,10.0,8.029994902790555,25.631197168142428
83.0,10.0,8.071413919351585,24.529751519326076
84.0,10.0,6.513242469178825,21.3489536101763
85.0,10.0,6.543978137639549,22.853576948130687
86.0,10.0,7.2296343628446085,27.266247042795335
87.0,10.0,6.8287518234407205,21.522272889487887
88.0,10.0,6.602901465270457,25.830346793140986
89.0,10.0,5.939047263629453,19.884467152326067
90.0,10.0,7.631596763492184,24.083568461253282
91.0,10.0,6.538010408229063,21.694520668088895
92.0,10.0,6.462328739000371,22.116725677935204
93.0,10.0,6.9260384648904125,20.877692354006335
94.0,10.0,6.720532263575061,23.08681656134036
95.0,10.0,5.56386190279977,18.423223821313304
96.0,10.0,6.094677704158873,19.31781739851496
97.0,10.0,7.0127843109275805,23.359601324371283
98.0,10.0,7.21702179949401,21.57480457640055
99.0,10.0,8.41909405735754,25.991943259870524
